draft_season,pick,round,team,position,position_group,category,college,pfr_player_name,college_perf_score,cfb_matched,av_2yr,pred_spline,pred_xgb,pred_catboost,pred_rf,pred_ftt,pred_stack,pred_pick_bin
2024,1,1,CHI,QB,QB,QB,USC,Caleb Williams,0.749554450536218,1.0,27.0,2.392557685059134,14.454575,13.602339046590364,14.210545598765005,12.863917851355827,13.938500682316622,7.650568181818182
2024,2,1,WAS,QB,QB,QB,LSU,Jayden Daniels,0.8246252851091562,1.0,26.0,3.0059841591512724,15.150219,16.282750065210347,13.373156985414715,12.168642310321292,14.67458986135672,7.650568181818182
2024,3,1,NWE,QB,QB,QB,North Carolina,Drake Maye,0.649444592553097,1.0,26.0,2.1084821866841024,12.893811,15.981481567103842,12.942149867180428,10.56538291680665,14.30161357462373,7.650568181818182
2024,4,1,ARI,WR,WR,WR,Ohio St.,Marvin Harrison Jr.,0.707566499857541,1.0,13.0,4.781937329407231,11.562858,12.796520206568742,12.260432933960669,12.158235348669248,12.500219591252366,7.650568181818182
2024,5,1,LAC,OL,OL,OL,Notre Dame,Joe Alt,0.8378870673952642,1.0,12.0,6.2150062445969665,11.370193,10.731941470801466,11.353598725500467,13.025475288645904,11.075537439977793,7.650568181818182
2024,6,1,NYG,WR,WR,WR,LSU,Malik Nabers,0.7049365094053386,1.0,12.0,3.346359800162079,12.059718,13.932296306825332,12.818073652714878,11.585016538736419,13.316454681137788,7.650568181818182
2024,7,1,TEN,OL,OL,OL,Alabama,JC Latham,0.5,0.0,11.0,7.875350877363222,12.100382,13.257253488068867,11.372951440338435,12.201300553064652,12.215781542431934,7.650568181818182
2024,8,1,ATL,QB,QB,QB,Washington,Michael Penix,0.6826420890937019,1.0,8.0,2.0619073094730305,12.681575,11.547661371885672,11.748576913878352,9.085382834814864,11.65870933191992,7.650568181818182
2024,9,1,CHI,WR,WR,WR,Washington,Rome Odunze,0.745206277403384,1.0,12.0,2.314800663384896,11.932797,11.591684858224149,10.075963073073744,9.727127281547435,10.75393078442001,7.650568181818182
2024,10,1,MIN,QB,QB,QB,Michigan,J.J. McCarthy,0.5517665130568357,1.0,0.0,2.3125424742155594,13.649157,13.281223659264265,12.060950397922944,10.315907167636869,12.606766838537943,7.650568181818182
2024,11,1,NYJ,OL,OL,OL,Penn St.,Olumuyiwa Fashanu,0.5,0.0,10.0,3.643812913314546,12.123646,12.452502432068162,11.225267000199272,10.349367612918206,11.774197552500832,7.650568181818182
2024,12,1,DEN,QB,QB,QB,Oregon,Bo Nix,0.6535218949664953,1.0,26.0,2.5620597107372403,11.581522,11.685771965380571,10.90251625277555,8.679686794552115,11.252858965660433,7.650568181818182
2024,13,1,LVR,TE,TE,TE,Georgia,Brock Bowers,0.8809515324305061,1.0,14.0,3.6834472179196003,6.50888,9.57333541588768,10.213361055099027,9.42485628230662,9.927083768718909,7.650568181818182
2024,14,1,NOR,OL,OL,OL,Oregon St.,Taliese Fuaga,0.8378870673952642,1.0,13.0,4.099209114249991,10.87828,10.082523504109759,10.071550419730567,10.175543339644506,10.07645857357031,7.650568181818182
2024,15,1,IND,DL,DL,DL,UCLA,Laiatu Latu,0.8269230769230769,1.0,10.0,4.305541494560786,10.902801,12.564922526040206,9.086408442901776,12.247026817741324,10.642314188022628,7.650568181818182
2024,16,1,SEA,DL,DL,DL,Texas,Byron Murphy,0.546474358974359,1.0,14.0,4.534245511340182,11.132202,10.865047090882227,9.498765298159736,11.690195132863892,10.109889944576384,7.650568181818182
2024,17,1,MIN,LB,LB,LB,Alabama,Dallas Turner,0.7700729927007299,1.0,9.0,3.5332517634080807,11.093734,10.953456607697595,10.800067333516393,11.930605430354216,10.868676873211326,5.416193181818182
2024,18,1,CIN,OL,OL,OL,Georgia,Amarius Mims,0.5,0.0,16.0,4.523766327964968,10.070687,10.302276140687304,9.796239969402068,10.032934739295303,10.022585059570837,5.416193181818182
2024,19,1,LAR,DL,DL,DL,Florida St.,Jared Verse,0.7291666666666666,1.0,22.0,5.370790307753655,6.047584,9.6987815202336,8.369311070602725,9.656196539962371,8.963970358953375,5.416193181818182
2024,20,1,PIT,OL,OL,OL,Washington,Troy Fautanu,0.5,0.0,9.0,2.9511547161988685,11.477123,9.90577241861933,8.983283462284948,9.249105148315138,9.395903860205202,5.416193181818182
2024,21,1,MIA,DE,DL,DL,Penn St.,Chop Robinson,0.6785930867192238,1.0,4.0,2.0634484183526576,9.19299,10.555913621325045,9.309786985888028,9.529439446621142,9.867167391202688,5.416193181818182
2024,22,1,PHI,CB,DB,DB,Toledo,Quinyon Mitchell,0.8496894409937887,1.0,19.0,4.849512540388625,8.784088,9.567089955170294,7.419510495899157,11.779398682083958,8.380102041145673,5.416193181818182
2024,23,1,JAX,WR,WR,WR,LSU,Brian Thomas,0.6171813158530711,1.0,18.0,4.553470517141343,9.043795,10.019429997044366,7.31074156555744,9.639068653752922,8.52231173359468,5.416193181818182
2024,24,1,DET,DB,DB,DB,Alabama,Terrion Arnold,0.791820215010039,1.0,8.0,3.3351366895856476,9.71807,10.048107795474627,7.92562170972373,10.388459273449362,8.874989231364381,5.416193181818182
2024,25,1,GNB,OL,OL,OL,Arizona,Jordan Morgan,0.8743169398907104,1.0,9.0,3.659280337821422,9.703942,8.649713627861106,7.281501534647837,9.27086627929037,7.893489586002733,5.416193181818182
2024,26,1,TAM,OL,OL,OL,Duke,Graham Barton,0.7686703096539163,1.0,15.0,3.991842519792878,9.556686,8.354275363233697,7.023146848434374,8.991480486719345,7.6185477734243126,5.416193181818182
2024,27,1,ARI,DL,DL,DL,Missouri,Darius Robinson,0.7692307692307693,1.0,4.0,5.163548405413232,7.007134,8.937852317396452,7.09963706656339,7.779881756752382,7.9218529899569905,5.416193181818182
2024,28,1,KAN,WR,WR,WR,Texas,Xavier Worthy,0.7714353816259955,1.0,13.0,2.8092818237834103,9.496018,10.411938809577284,7.720642073305019,7.424294451380466,8.92443310404947,5.416193181818182
2024,29,1,DAL,OL,OL,OL,Oklahoma,Tyler Guyton,0.7559198542805101,1.0,9.0,4.084560235782825,5.846654,7.724831462142828,6.636589371250104,7.723598610351959,7.12334954521694,5.416193181818182
2024,30,1,BAL,CB,DB,DB,Clemson,Nate Wiggins,0.7556935817805382,1.0,7.0,5.046822113385638,8.642526,8.429544690835797,7.048596768120586,7.176825987772119,7.666281432998053,5.416193181818182
2024,31,1,SFO,WR,WR,WR,Florida,Ricky Pearsall,0.792173450798468,1.0,8.0,2.8708715877834576,6.60394,8.393903973334265,5.969889654932976,7.175149583422082,7.054127842335379,5.416193181818182
2024,32,1,CAR,WR,WR,WR,South Carolina,Xavier Legette,0.649444251301776,1.0,8.0,4.205911157372773,7.554017,8.511467672698103,7.025782930655656,7.933164492236959,7.690315363029226,5.416193181818182
2024,33,2,BUF,WR,WR,WR,Florida St.,Keon Coleman,0.6268613034284715,1.0,11.0,1.9203847059092622,8.668453,9.934899343567217,6.1881007366357155,7.668097848635065,7.8640075577660085,4.6946022727272725
2024,34,2,LAC,WR,WR,WR,Georgia,Ladd McConkey,0.6997027674055218,1.0,18.0,4.383531790985959,7.751788,7.204162192270822,7.822275066046331,6.341030676142518,7.545799148151257,4.6946022727272725
2024,35,2,ATL,DT,DL,DL,Clemson,Ruke Orhorhoro,0.8517628205128205,1.0,6.0,2.3234725600282555,6.860835,7.138039528652549,5.70295373813135,5.796715856464925,6.344853748396353,4.6946022727272725
2024,36,2,WAS,DL,DL,DL,Illinois,Jer'Zhan Newton,0.8637820512820512,1.0,7.0,2.944388092171462,7.0475826,6.748141492147847,5.6906459070115485,6.32882242647014,6.163653466049601,4.6946022727272725
2024,37,2,NWE,WR,WR,WR,Washington,Ja'Lynn Polk,0.7034009506676182,1.0,0.0,1.318700066445696,8.064731,9.573395846521032,6.98622937276174,5.752877658322922,8.143443943073697,4.6946022727272725
2024,38,2,TEN,DL,DL,DL,Texas,T'Vondre Sweat,0.7467948717948717,1.0,11.0,4.771294657412556,6.2235107,7.211750410231772,5.617897728114627,6.32390884229574,6.3308126352588925,4.6946022727272725
2024,39,2,LAR,DL,DL,DL,Florida St.,Braden Fiske,0.8733974358974359,1.0,14.0,4.004779996927284,4.7787957,6.813330137877435,5.145867436605428,5.927821767218982,5.891707394259086,4.6946022727272725
2024,40,2,PHI,DB,DB,DB,Iowa,Cooper DeJean,0.8415329498294934,1.0,16.0,1.9236462229604663,8.006211,8.146144455605954,5.574593983729284,6.954352499591547,6.724823667366731,4.6946022727272725
2024,41,2,NOR,DB,DB,DB,Alabama,Kool-Aid McKinstry,0.7532679908836976,1.0,10.0,2.1004536157317015,7.706844,7.065579333297782,5.923145940707265,6.611741083378028,6.434145360475062,4.6946022727272725
2024,42,2,HOU,DB,DB,DB,Georgia,Kamari Lassiter,0.6696037686363912,1.0,14.0,2.196331901994604,8.1261835,7.778856043749315,6.19161310752153,6.668096171286481,6.90157153913617,4.6946022727272725
2024,43,2,ARI,DB,DB,DB,Rutgers,Max Melton,0.8616972986059275,1.0,4.0,3.2220141396951383,6.7130585,8.24024434977491,6.676726719822907,6.255211010150928,7.376073051095834,4.6946022727272725
2024,44,2,LVR,OL,OL,OL,Oregon,Jackson Powers-Johnson,0.8542805100182149,1.0,6.0,3.7303200490464263,8.79152,6.746653485068099,7.070612137994574,6.588308484632817,6.925708561522196,4.6946022727272725
2024,45,2,GNB,LB,LB,LB,Texas A&M,Edgerrin Cooper,0.8375912408759124,1.0,10.0,1.6393933606747477,9.488908,8.899808082780021,5.8206252555427405,7.504568947586593,7.197913987824444,4.6946022727272725
2024,46,2,CAR,RB,RB,RB,Texas,Jonathon Brooks,0.6008051181569809,1.0,0.0,2.6496973234229215,10.561836,9.82820374704838,6.857908930229603,11.34380733169164,8.186493107261356,4.6946022727272725
2024,47,2,NYG,DB,DB,DB,Minnesota,Tyler Nubin,0.7796803652968036,1.0,9.0,1.9210723130829632,7.584563,8.054031181304104,6.0340481709564,6.825994111278166,6.937567057331488,4.6946022727272725
2024,48,2,JAX,DT,DL,DL,LSU,Maason Smith,0.6951121794871795,1.0,4.0,3.6955599206624092,6.3944974,6.953189038769756,4.854339479354797,6.201813068909647,5.793134611345535,4.6946022727272725
2024,49,2,CIN,DL,DL,DL,Michigan,Kris Jenkins,0.5977564102564102,1.0,6.0,2.464240946034656,5.1239147,5.988492072389992,4.068271333851897,5.525841129209905,4.9271675199376945,4.018465909090909
2024,50,2,WAS,DB,DB,DB,Michigan,Mike Sainristil,0.8222845851505881,1.0,10.0,1.759010293884083,7.3014126,6.310852517942804,5.648462349837363,6.094028055447797,5.94474307268408,4.018465909090909
2024,51,2,PIT,OL,OL,OL,West Virginia,Zach Frazier,0.8105646630236794,1.0,13.0,2.380491239603185,8.9423065,7.679049715904195,7.993473892552382,6.434261326163214,7.852834995139959,4.018465909090909
2024,52,2,IND,WR,WR,WR,Texas,Adonai Mitchell,0.5746319102079663,1.0,8.0,2.362042443357182,9.138249,8.433096821013743,6.222459162414938,5.746543625516292,7.211256031153618,4.018465909090909
2024,53,2,WAS,TE,TE,TE,Kansas St.,Ben Sinnott,0.7751737348538844,1.0,1.0,1.8388005230730968,5.110815,6.263030107766377,3.676199310127744,3.673054361372981,4.833263736016458,4.018465909090909
2024,54,2,CLE,DT,DL,DL,Ohio St.,Michael Hall,0.7039262820512822,1.0,3.0,2.960868494012001,4.129373,6.147247089448018,4.013346812405841,4.440212983909912,4.967819791856991,4.018465909090909
2024,55,2,MIA,OL,OL,OL,Houston,Patrick Paul,0.5,0.0,10.0,2.115005281678234,8.702939,8.196981183312273,7.382835347709083,6.317681207133149,7.74699491448213,4.018465909090909
2024,56,2,DAL,DL,DL,DL,Western Michigan,Marshawn Kneeland,0.8092948717948717,1.0,2.0,2.611144350088192,4.8393583,5.051979415611426,4.042220660516531,3.7535089467076306,4.493875996760804,4.018465909090909
2024,57,2,TAM,LB,LB,LB,Alabama,Chris Braswell,0.7660757733750435,1.0,2.0,2.435432534537186,7.4652214,7.375857475553754,5.351744177014745,4.606585686302468,6.257110501452084,4.018465909090909
2024,58,2,GNB,DB,DB,DB,Georgia,Javon Bullard,0.7604452054794522,1.0,7.0,2.2691309082906335,7.562319,7.078831146197116,5.3973795477029505,4.832758016321998,6.149476603926943,4.018465909090909
2024,59,2,HOU,OL,OL,OL,Notre Dame,Blake Fisher,0.8378870673952642,1.0,8.0,2.1966070552782093,7.9346175,6.743934558085966,7.215074760721935,5.319046490642658,7.004338298873324,4.018465909090909
2024,60,2,BUF,SAF,DB,DB,Utah,Cole Bishop,0.8323452847111324,1.0,9.0,2.9719163878576813,6.584954,7.199749283034253,5.239743172956767,4.877825194503431,6.116434971299863,4.018465909090909
2024,61,2,DET,DB,DB,DB,Missouri,Ennis Rakestraw,0.7741438356164385,1.0,0.0,1.8109441985907884,6.3705764,6.432062001343419,5.489554449954713,4.6195534205870965,5.911128972334184,4.018465909090909
2024,62,2,BAL,OL,OL,OL,Washington,Roger Rosengarten,0.8378870673952642,1.0,17.0,2.631459275618524,7.5254836,6.166543378918564,7.044596096093235,4.888422182096059,6.65185159740851,4.018465909090909
2024,63,2,KAN,OL,OL,OL,BYU,Kingsley Suamataia,0.5,0.0,10.0,2.492935720929276,8.156539,7.730773413348582,7.317919539921465,5.211894023075722,7.5025850886255085,4.018465909090909
2024,64,2,SFO,DB,DB,DB,Florida St.,Renardo Green,0.7696917808219179,1.0,8.0,1.6919220870854768,5.710756,6.464486380143641,5.440095964790953,4.587550513611533,5.8982959012110925,4.018465909090909
2024,65,3,NYJ,WR,WR,WR,Western Kentucky,Malachi Corley,0.7177416586278517,1.0,1.0,1.1063352048761252,6.5535736,7.329119256482352,4.314760674522705,5.182026277340962,5.663054148233977,3.2869318181818183
2024,66,3,ARI,RB,RB,RB,Florida St.,Trey Benson,0.675055816658901,1.0,3.0,1.796159863416559,6.8245,7.081136517299877,6.496897000304832,8.649464742815862,6.758221691802502,3.2869318181818183
2024,67,3,WAS,OL,OL,OL,TCU,Brandon Coleman,0.9289617486338799,1.0,11.0,2.109270381088517,5.725943,5.525010006474942,5.348058314985509,4.425385919223806,5.427207096754863,3.2869318181818183
2024,68,3,NWE,OL,OL,OL,Penn St.,Caedan Wallace,0.5,0.0,1.0,1.7644082306590865,5.5506763,6.885797706593299,4.624085191198335,4.227976823292812,5.635727350109575,3.2869318181818183
2024,69,3,LAC,LB,LB,LB,Michigan,Junior Colson,0.7412408759124088,1.0,0.0,2.5230472722748827,5.731071,4.980688655202033,4.388601980080156,4.751716703092708,4.653436629769313,3.2869318181818183
2024,70,3,NYG,DB,DB,DB,Kentucky,Andru Phillips,0.7318493150684933,1.0,6.0,1.5975291742193318,5.4005733,5.622242714882492,3.617220699488804,3.985035002326938,4.514047677540779,3.2869318181818183
2024,71,3,ARI,OL,OL,OL,Illinois,Isaiah Adams,0.5,0.0,8.0,3.1327970299253622,3.6685648,4.98895778996995,5.8892234524746,4.547813799751794,5.486543318019577,3.2869318181818183
2024,72,3,CAR,LB,LB,LB,Kentucky,Trevin Wallace,0.7852189781021899,1.0,8.0,2.3646377713714335,6.250141,6.309713507599866,4.144889096732451,5.134968951565679,5.113194142496279,3.2869318181818183
2024,73,3,DAL,OL,OL,OL,Kansas St.,Cooper Beebe,0.8378870673952642,1.0,10.0,2.4025137694054557,3.185704,5.347326792682762,4.615492283419128,2.9198376744962395,4.942834789293629,3.2869318181818183
2024,74,3,ATL,DE,DL,DL,Washington,Bralen Trice,0.7953305033353547,1.0,0.0,0.923024191180719,5.1219716,4.731088691502572,4.2188425686930096,3.530490283337025,4.447965310631319,3.2869318181818183
2024,75,3,CHI,OL,OL,OL,Yale,Kiran Amegadjie,0.6557377049180328,1.0,0.0,2.2342819872242514,6.0638304,5.684329530316262,4.7304131189516205,4.233289384114888,5.157090714245405,3.2869318181818183
2024,76,3,DEN,DE,DL,DL,Utah,Jonah Elliss,0.7592480291085507,1.0,3.0,1.2618766641235186,6.2902665,5.527655127836147,4.163405671475303,3.753238089785826,4.773621273893987,3.2869318181818183
2024,77,3,LVR,OL,OL,OL,Maryland,Delmar Glaze,0.7941712204007286,1.0,11.0,2.9609340827039152,4.8853683,4.493153257415184,5.601449312561321,3.417758406456797,5.105719193139958,3.2869318181818183
2024,78,3,HOU,SAF,DB,DB,USC,Calen Bullock,0.8316671406383305,1.0,14.0,1.8158523204880732,4.751553,4.4372440806523405,4.470922468187771,3.5715563783983217,4.455858450432084,3.2869318181818183
2024,79,3,IND,OL,OL,OL,Pittsburgh,Matt Goncalves,0.8378870673952642,1.0,12.0,2.3183971676844175,5.2930093,6.57767236016991,4.94658976852671,4.737971310644509,5.6761572546025825,3.2869318181818183
2024,80,3,CIN,WR,WR,WR,Alabama,Jermaine Burton,0.7217813197192388,1.0,0.0,1.6355422462299993,5.048096,4.823916147204073,3.4613196445931598,3.441581677522696,4.070795896823296,3.2869318181818183
2024,81,3,SEA,OL,OL,OL,Connecticut,Christian Haynes,0.936247723132969,1.0,2.0,2.8381964026515267,3.0757124,5.355150164792637,4.109685208237456,4.03050430674557,4.666769651393148,2.6051136363636362
2024,82,3,ARI,TE,TE,TE,Illinois,Tip Reiman,0.6898337595907928,1.0,0.0,1.6268986690170455,3.277399,4.219112708383526,2.4778399381465537,2.066409580737962,3.2566944268314653,2.6051136363636362
2024,83,3,LAR,RB,RB,RB,Michigan,Blake Corum,0.7357486706778297,1.0,8.0,1.9236275128647697,4.6512647,5.162749020524324,5.159342932737137,5.4469024633862615,5.160866442490848,2.6051136363636362
2024,84,3,PIT,WR,WR,WR,Michigan,Roman Wilson,0.6938027919705477,1.0,2.0,1.1257128310364493,4.280764,5.290029095709777,3.22252755635939,3.1744704129179815,4.147301021936581,2.6051136363636362
2024,85,3,CLE,OL,OL,OL,Michigan,Zak Zinter,0.5,0.0,1.0,2.509359265188627,3.2638187,5.347153490425454,3.6840781606412096,3.1767631521206097,4.427955689527842,2.6051136363636362
2024,86,3,SFO,OL,OL,OL,Kansas,Dominick Puni,0.8378870673952642,1.0,15.0,1.8081860591533776,2.3701186,5.174384233097261,3.0200348609782925,3.530173809545648,3.98365452319143,2.6051136363636362
2024,87,3,DAL,LB,LB,LB,Notre Dame,Marist Liufau,0.7321167883211679,1.0,6.0,0.9558984990812684,3.974569,4.602651194071453,2.9951123332344807,3.173943947598484,3.7141489361155418,2.6051136363636362
2024,88,3,GNB,RB,RB,RB,USC,MarShawn Lloyd,0.6421393784930675,1.0,0.0,1.1743389798993469,6.794897,6.082012242308799,4.864586416685047,3.9467506255407567,5.409129227382045,2.6051136363636362
2024,89,3,TAM,DB,DB,DB,Georgia,Tykee Smith,0.8700342465753425,1.0,9.0,1.6992131973441993,3.7096076,4.043134407799216,3.2080221974619687,2.588936762921673,3.581559821443202,2.6051136363636362
2024,90,3,ARI,DB,DB,DB,Boston Col.,Elijah Jones,0.8299657534246576,1.0,0.0,2.0726689702043184,3.5177834,3.8046892623391195,3.1878137678631706,2.7082651783633285,3.4637362170769075,2.6051136363636362
2024,91,3,GNB,LB,LB,LB,Missouri,Ty'Ron Hopper,0.8158759124087591,1.0,3.0,1.4155946262224566,4.885544,5.007972369771765,3.3538729077391705,3.351523872209915,4.093735617716425,2.6051136363636362
2024,92,3,TAM,WR,WR,WR,Washington,Jalen McMillan,0.6808292564744471,1.0,7.0,0.9574571813592861,5.053091,4.507024300942725,3.509753751660523,2.677376981749923,3.955823234127068,2.6051136363636362
2024,93,3,BAL,DE,DL,DL,Penn St.,Adisa Isaac,0.7656155245603395,1.0,0.0,1.321734044961435,4.002808,4.159141598130561,3.220348792224135,2.455501451519962,3.640261745015157,2.6051136363636362
2024,94,3,PHI,DE,DL,DL,Houston Christian,Jalyx Hunt,0.6992116434202548,1.0,9.0,1.1125840625464187,3.4422464,4.307143653570115,2.646814256438936,2.436224061095173,3.389463556258781,2.6051136363636362
2024,95,3,BUF,DT,DL,DL,Duke,DeWayne Carter,0.8361378205128205,1.0,0.0,1.6521152069696996,2.934239,4.252227374234327,2.5968497000734,2.561236251088318,3.3372841420478268,2.6051136363636362
2024,96,3,JAX,DB,DB,DB,Florida St.,Jarrian Jones,0.8046232876712329,1.0,5.0,2.0315489661731534,3.4504323,4.0544874562681645,2.6512301107187164,3.0299780108176857,3.2788935652629796,2.6051136363636362
2024,97,3,CIN,DL,DL,DL,Texas A&M,McKinnley Jackson,0.6971153846153846,1.0,2.0,1.5889918766454803,4.408927,3.950144992210206,2.7679499406357926,2.4659769705751713,3.2967343666073914,2.309659090909091
2024,98,3,PIT,LB,LB,LB,North Carolina St.,Payton Wilson,0.9210636079249216,1.0,7.0,1.4847365306235911,2.891658,4.318545474739502,2.63319042714664,3.339205136601879,3.3870334586633835,2.309659090909091
2024,99,3,LAR,SAF,DB,DB,Miami (FL),Kamren Kinchens,0.8204897520384682,1.0,8.0,3.010994017037047,3.7272666,4.243555902364791,3.327912833689718,2.822923098006726,3.737471132642395,2.309659090909091
2024,100,3,WAS,WR,WR,WR,Rice,Luke McCaffrey,0.7552848172480414,1.0,4.0,1.2492023647483745,3.8865483,4.010365784773669,2.7064107856665798,2.747062516956426,3.28965725993485,2.309659090909091
2024,101,4,CAR,TE,TE,TE,Texas,Ja'Tavion Sanders,0.7007054544317133,1.0,5.0,1.207747404640041,3.0607011,3.756254069909981,2.731453534559895,1.8745819341032495,3.189836913908028,2.309659090909091
2024,102,4,DEN,WR,WR,WR,Oregon,Troy Franklin,0.6538261855536692,1.0,8.0,0.9748311972610103,4.403985,4.045574944540963,3.0551265657654803,2.017534097464758,3.498144557304787,2.309659090909091
2024,103,4,NWE,OL,OL,OL,Texas A&M,Layden Robinson,0.7449908925318761,1.0,0.0,1.2306502965927195,2.0500448,4.339927523692273,2.4767332636248214,2.5465920547219834,3.3101220569108643,2.309659090909091
2024,104,4,ARI,DB,DB,DB,Texas Tech,Dadrion Taylor-Demerson,0.8343478113536821,1.0,3.0,1.2373353397323161,3.0414834,3.6601553160092113,2.6489366331968505,2.64197807182988,3.101244981116399,2.309659090909091
2024,105,4,LAC,DL,DL,DL,Alabama,Justin Eboigbe,0.7676282051282051,1.0,2.0,3.8125165111398593,3.336402,3.385545277772072,2.5174784141843594,2.3784177040228083,2.9057563362669825,2.309659090909091
2024,106,4,TEN,LB,LB,LB,North Carolina,Cedric Gray,0.8954379562043796,1.0,6.0,1.56358103084935,4.9880815,4.617902483873936,3.3791829359364085,3.4925642629329525,3.9332502230381996,2.309659090909091
2024,107,4,NYG,TE,TE,TE,Penn St.,Theo Johnson,0.7788901601830663,1.0,7.0,0.5651041114611887,2.9023674,3.2004972255992596,2.264501994715648,1.813131235210572,2.6831636193003114,2.309659090909091
2024,108,4,MIN,DB,DB,DB,Oregon,Khyree Jackson,0.7393835616438357,1.0,0.0,1.0173261603783845,2.856528,3.7816244634090355,2.429977585531487,2.5363053803676756,3.034556176477106,2.309659090909091
2024,109,4,ATL,DE,DL,DL,Oregon,Brandon Dorlus,0.8074590661006671,1.0,5.0,0.9825256869473987,2.868917,3.646867094603818,2.3681513518951642,2.168367154607953,2.9401085506224645,2.309659090909091
2024,110,4,NWE,WR,WR,WR,Central Florida,Javon Baker,0.6302090875758352,1.0,0.0,1.1523063268060665,4.524878,4.0387552272939145,2.9640048523914397,1.9158151534616277,3.4447303124216546,2.309659090909091
2024,111,4,GNB,DB,DB,DB,Oregon,Evan Williams,0.8351027397260274,1.0,8.0,1.0034099251689774,3.391892,3.959031174067758,2.701893268071119,2.3955382706048103,3.2641989088593615,2.309659090909091
2024,112,4,LVR,CB,DB,DB,Mississippi St.,Decamerion Richardson,0.7229813664596272,1.0,4.0,2.7711026091289046,2.9968572,2.908781238911624,2.5880536811247485,2.1814253540312176,2.731512019187758,2.309659090909091
2024,113,4,BAL,WR,WR,WR,North Carolina,Devontez Walker,0.6588537810286538,1.0,1.0,1.1260578370365233,3.1024094,3.4303477030951472,2.001562490923601,2.22923037077898,2.6406443136522464,1.9275568181818181
2024,114,4,JAX,OL,OL,OL,Missouri,Javon Foster,0.5,0.0,0.0,2.678154946618616,1.2805763,3.5705926764869464,2.3218053134279395,2.127852808651498,2.8803758370592396,1.9275568181818181
2024,115,4,CIN,TE,TE,TE,Iowa,Erick All,0.752574370709382,1.0,0.0,0.7410030858212752,2.1178336,2.7118600809038576,2.186580558369895,1.7352281665740368,2.4215330142595137,1.9275568181818181
2024,116,4,JAX,DT,DL,DL,LSU,Jordan Jefferson,0.8004807692307693,1.0,1.0,2.263994114040201,3.8064673,3.911802934666411,2.916886940783614,2.546718893005766,3.3619032534128235,1.9275568181818181
2024,117,4,IND,OL,OL,OL,Wisconsin,Tanor Bortolini,0.5,0.0,10.0,2.4092538269980754,2.0305603,4.1014355064166175,2.9630929614372623,2.864268139988719,3.472262584822474,1.9275568181818181
2024,118,4,SEA,LB,LB,LB,Texas-El Paso,Tyrice Knight,0.8423357664233577,1.0,9.0,1.1983500744428899,3.1108186,3.220592622676067,2.416652604595254,2.4138246841795588,2.776247208176243,1.9275568181818181
2024,119,4,PIT,OL,OL,OL,South Dakota St.,Mason McCormick,0.5,0.0,13.0,1.5183739508927423,1.2852105,3.446552751536343,2.0981389764040594,1.7721138905750493,2.701271431750862,1.9275568181818181
2024,120,4,MIA,RB,RB,RB,Tennessee,Jaylen Wright,0.58434470585373,1.0,4.0,0.6707679560919505,4.6382904,4.369532666959477,2.806665605552644,3.4033184755951122,3.505720944107268,1.9275568181818181
2024,121,4,SEA,TE,TE,TE,Michigan,AJ Barner,0.7316933638443935,1.0,7.0,0.8058704447914472,2.8515124,2.9111224317348943,1.9576572664496275,1.731348469425456,2.384133023951424,1.9275568181818181
2024,122,4,CHI,P,ST,P,Iowa,Tory Taylor,0.7944272445820434,1.0,6.0,1.5304932637659836,3.0620608,3.376681130535677,2.2562437051518027,2.6907317942773337,2.7574045415671895,1.9275568181818181
2024,123,4,HOU,TE,TE,TE,Ohio St.,Cade Stover,0.8140732265446223,1.0,2.0,0.9598231214837074,2.147352,2.369656966354761,1.8654218568271206,1.5703777564264312,2.0909613501001907,1.9275568181818181
2024,124,4,SFO,DB,DB,DB,Wake Forest,Malik Mustapha,0.7933219178082193,1.0,8.0,0.9094558541625055,2.7444723,3.647451167229833,2.347909349077759,2.274140207700907,2.929181850166036,1.9275568181818181
2024,125,4,TAM,RB,RB,RB,Oregon,Bucky Irving,0.7521314087239581,1.0,18.0,0.9992957192665683,3.9735656,4.251384905389512,3.074624384570967,2.374632872980111,3.6009779974104035,1.9275568181818181
2024,126,4,DET,OL,OL,OL,British Columbia,Giovanni Manu,0.5,0.0,0.0,1.691174963528696,1.0053239,3.0595150215008915,1.8626537764246651,1.9581475813229114,2.397998249141434,1.9275568181818181
2024,127,4,PHI,RB,RB,RB,Clemson,Will Shipley,0.7333534326436605,1.0,2.0,0.8829545449745516,3.703754,4.274314480539252,2.47724340347544,2.4993669237690352,3.281055935774763,1.9275568181818181
2024,128,4,BUF,RB,RB,RB,Kentucky,Ray Davis,0.7519092544060956,1.0,10.0,1.3667586700427166,3.322949,3.596048231691135,1.9104817675762822,2.402307258372081,2.664419363718339,1.9275568181818181
2024,129,4,SFO,RB,RB,RB,Louisville,Isaac Guerendo,0.6781102391845882,1.0,4.0,0.9174210443842473,1.9815769,3.6658061709753302,2.0791047405416996,2.2734002674934186,2.7888209621722346,1.6377840909090908
2024,130,4,BAL,DB,DB,DB,Iowa St.,T.J. Tampa,0.7731164383561645,1.0,1.0,1.4461683427516256,3.0663953,3.0975239314030603,2.0868976306637874,1.9667651981965086,2.5389410118492632,1.6377840909090908
2024,131,4,KAN,TE,TE,TE,TCU,Jared Wiley,0.7826086956521738,1.0,0.0,0.7719328701970016,2.3928473,2.7022216224738274,2.264424417901228,1.429338404961857,2.4602468780673927,1.6377840909090908
2024,132,4,DET,SAF,DB,DB,Utah,Sione Vaki,0.811432024041181,1.0,1.0,1.8893130572720427,3.1364982,3.09579577230103,2.1455610317700953,2.194899931706417,2.570591851471285,1.6377840909090908
2024,133,4,KAN,DB,DB,DB,Washington St.,Jaden Hicks,0.7828767123287672,1.0,4.0,0.7630939874042172,3.3514445,3.613305071336445,2.2190473919965723,1.9740025904290077,2.8426853828192247,1.6377840909090908
2024,134,4,NYJ,RB,RB,RB,Wisconsin,Braelon Allen,0.6928370292096044,1.0,4.0,1.1401815009620164,4.299291,3.320666283854075,2.4580446950137844,2.8767351504909313,2.8438869983096797,1.6377840909090908
2024,135,4,SFO,WR,WR,WR,Arizona,Jacob Cowing,0.7344278763241544,1.0,0.0,0.8934069236293424,1.8585478,2.973830139244447,1.5786048778995658,1.530519598087695,2.202675658856757,1.6377840909090908
2024,136,5,SEA,CB,DB,DB,Auburn,Nehemiah Pritchett,0.8074455205811137,1.0,2.0,1.572704686141465,2.7394762,2.6100756825105687,1.9801384178481287,1.8359534290358481,2.2619032707813345,1.6377840909090908
2024,137,5,LAC,DB,DB,DB,Maryland,Tarheeb Still,0.8027944311789686,1.0,10.0,1.724834336562448,3.0398052,2.3370879688457147,1.7779530470840013,1.863434395146823,2.0280486960267767,1.6377840909090908
2024,138,5,ARI,DE,DL,DL,Clemson,Xavier Thomas,0.8489993935718617,1.0,1.0,1.0725029789391947,2.3248796,2.7546660929281668,1.9104873077695579,2.0710324478601247,2.288080323185422,1.6377840909090908
2024,139,5,WAS,LB,LB,LB,Temple,Jordan Magee,0.833941605839416,1.0,4.0,0.8065300116608483,3.101132,2.900624141940497,2.4201083626972513,2.2714474103267204,2.6350384286263013,1.6377840909090908
2024,140,5,LAC,CB,DB,DB,Notre Dame,Cam Hart,0.7443064182194616,1.0,6.0,2.4834131460704523,1.9236965,2.0423973288704476,1.5749286611157072,1.603589318895452,1.784022880182271,1.6377840909090908
2024,141,5,BUF,OL,OL,OL,Georgia,Sedrick Van Pran-Granger,0.8415300546448088,1.0,4.0,1.751656886807955,0.93962985,2.8953223154063514,1.7444056240878425,1.1403507092405145,2.2591995417570843,1.6377840909090908
2024,142,5,IND,WR,WR,WR,Oregon St.,Anthony Gould,0.7062914585940061,1.0,0.0,1.1172338340251848,3.319206,3.150219022729788,1.7010907895804577,2.4170586952710957,2.3492718490963083,1.6377840909090908
2024,143,5,ATL,LB,LB,LB,Notre Dame,JD Bertrand,0.7992700729927008,1.0,3.0,0.6111980509165074,2.2023823,2.7449146492623164,2.19102869731703,2.030414958563404,2.4387765327348303,1.6377840909090908
2024,144,5,CHI,DL,DL,DL,Kansas,Austin Booker,0.5272435897435898,1.0,5.0,1.0052645483309353,3.8259354,2.84655539583469,2.695764578885583,2.384253994096665,2.7632118544059394,1.6377840909090908
2024,145,5,DEN,DB,DB,DB,Missouri,Kris Abrams-Draine,0.7606272415400716,1.0,2.0,0.7121580085735836,3.0041068,2.5481640456791492,2.393371543413148,2.041211061835085,2.462608734142214,1.546875
2024,146,5,TEN,DB,DB,DB,Louisville,Jarvis Brownlee,0.8577054794520548,1.0,7.0,1.3221503002347235,2.8079357,2.881884498631524,1.8276711932843557,2.120171085776037,2.299210620587282,1.546875
2024,147,5,DEN,RB,RB,RB,Notre Dame,Audric Estime,0.654323567700926,1.0,4.0,0.47232065855806754,4.011383,2.6869901391898026,2.8060127137410333,1.6364812518719942,2.7527750657171834,1.546875
2024,148,5,LVR,LB,LB,LB,Ohio St.,Tommy Eichenberg,0.827007299270073,1.0,2.0,1.4251500327280715,2.7997243,2.614009913083538,2.166042538099942,1.998889472938027,2.366414017251695,1.546875
2024,149,5,CIN,CB,DB,DB,TCU,Josh Newton,0.8486542443064182,1.0,3.0,1.4348822995973873,2.2033467,2.3163905423451503,2.1879976751104433,1.6609061502578086,2.2454265641351356,1.546875
2024,150,5,NOR,QB,QB,QB,South Carolina,Spencer Rattler,0.7901922450309549,1.0,6.0,0.6306984205674078,0.78931594,1.1635478311442713,0.6153032163736576,0.33326882130204055,0.8605277362954278,1.546875
2024,151,5,IND,DB,DB,DB,Missouri,Jaylon Carlies,0.8079205530281851,1.0,3.0,0.966477232228133,3.1508949,3.2257320139852563,1.7390213194993582,2.019360219136094,2.4040126509095883,1.546875
2024,152,5,PHI,WR,WR,WR,Texas A&M,Ainias Smith,0.7854106415325579,1.0,0.0,0.553964574205125,2.1101768,2.6717706387479443,1.6922375904026759,1.5672166014491442,2.1303732601942933,1.546875
2024,153,5,JAX,CB,DB,DB,Mississippi,Deantre Prince,0.805175983436853,1.0,0.0,2.996396504726822,2.5399065,2.1805840708577104,2.2844010837380484,1.608142418327369,2.237964736600469,1.546875
2024,154,5,LAR,DE,DL,DL,Washington St.,Brennan Jackson,0.9038811400849,1.0,1.0,0.9618492817373111,2.1579201,2.5198276023601265,1.9198545441688832,1.8516620166099973,2.1882166970160153,1.546875
2024,155,5,PHI,LB,LB,LB,Clemson,Jeremiah Trotter Jr.,0.8594890510948906,1.0,4.0,0.7142252509076925,4.000693,3.2650215133173845,2.6080800568535936,1.9916360956832986,2.9019236238606614,1.546875
2024,156,5,CLE,WR,WR,WR,Louisville,Jamari Thrash,0.7032912034788009,1.0,1.0,0.9724197448573907,3.0475237,2.90304961038521,1.990137324859798,1.8022928198294872,2.39847417099607,1.546875
2024,157,5,CAR,DB,DB,DB,Washington St.,Chau Smith-Wade,0.7823630136986301,1.0,5.0,0.9179980676311125,2.9123917,2.3356131951153256,2.187283112204232,1.7171367346230362,2.253629725201223,1.546875
2024,158,5,MIA,DL,DL,DL,Colorado St.,Mohamed Kamara,0.9150641025641026,1.0,0.0,1.27380547115677,2.4378977,2.527160885450247,1.878987249399079,1.7042315674649287,2.1689090550933816,1.546875
2024,159,5,KAN,OL,OL,OL,Penn St.,Hunter Nourzad,0.5,0.0,2.0,1.2645733387052185,0.75325394,2.0503717959311953,1.779882878109714,1.2325001550376353,1.9008699579015076,1.546875
2024,160,5,BUF,LB,LB,LB,Washington,Edefuan Ulofoshio,0.8381386861313869,1.0,1.0,0.5945039945828617,1.8253479,2.6635654600467213,1.543203902033124,1.9732571099461682,2.044330803763299,1.546875
2024,161,5,WAS,CB,DB,DB,Washington,Dominique Hampton,0.7168650793650793,1.0,0.0,1.2964044194470097,2.0765915,2.0464872713497377,2.1857718321782653,1.4897729216674325,2.1234711934790154,1.34375
2024,162,5,ARI,OL,OL,OL,Texas,Christian Jones,0.8542805100182149,1.0,1.0,2.3392241495737314,1.0023977,2.171717927106544,1.428540353034269,1.638407943377366,1.7609565024731038,1.34375
2024,163,5,GNB,OL,OL,OL,Duke,Jacob Monk,0.8378870673952642,1.0,2.0,1.5244082648932082,0.86557394,2.185636700865601,1.6177584501144786,1.3160404124179532,1.8717649056636132,1.34375
2024,164,5,IND,SAF,DB,DB,Auburn,Jaylin Simpson,0.804539758718281,1.0,0.0,1.7116965202267276,2.345099,2.6496447546658675,1.5377936667183332,2.0374494934181806,2.0351139174022186,1.34375
2024,165,5,BAL,RB,RB,RB,Marshall,Rasheen Ali,0.7677397069971303,1.0,1.0,0.9664623088323185,2.7453496,2.4132323014250385,1.661864786735394,1.368916172727622,1.9979442174764386,1.34375
2024,166,5,NYG,RB,RB,RB,Purdue,Tyrone Tracy Jr.,0.7308523451835653,1.0,14.0,0.9160263424491201,2.6650388,2.36150269751262,1.819554978592129,1.9759556211758564,2.061962957734535,1.34375
2024,167,5,JAX,RB,RB,RB,Texas,Keilan Robinson,0.6841653313555289,1.0,0.0,1.6078866728201902,2.3511343,2.4147458630288288,1.7932374677692324,1.753091984290235,2.071232168858928,1.34375
2024,168,5,BUF,DE,DL,DL,Troy,Javon Solomon,0.89417828987265,1.0,4.0,0.6902259830875144,1.9631565,2.397120813205742,1.5536047307268102,1.6260685959955707,1.9309013256643057,1.34375
2024,169,5,GNB,DB,DB,DB,Oregon St.,Kitan Oladapo,0.7700906987377825,1.0,2.0,0.9974541327195291,2.3500965,2.291783643507356,1.7467328404770917,1.4008338314770783,1.9905287991708076,1.34375
2024,170,5,NOR,WR,WR,WR,Pittsburgh,Bub Means,0.6399238739423992,1.0,0.0,0.6095576606526508,1.8994161,2.4223374870763457,1.3654589480055006,1.3151726749953725,1.8381905086427235,1.34375
2024,171,5,NYJ,QB,QB,QB,Florida St.,Jordan Travis,0.709738514173998,1.0,0.0,0.5899793935897125,1.0613176,1.0387824822591585,0.8060480608149119,0.6999090318931558,0.9101479191748524,1.34375
2024,172,5,PHI,OL,OL,OL,Michigan,Trevor Keegan,0.8378870673952642,1.0,0.0,1.4519736871908115,0.47026902,1.8476967152220554,1.3286879172623929,0.9182058846446851,1.5608355386952188,1.34375
2024,173,5,NYJ,RB,RB,RB,South Dakota St.,Isaiah Davis,0.6008613003415916,1.0,5.0,0.7861360668815369,2.5991335,2.275612639356436,1.7832509592178247,1.4978690699722705,2.0034795822327864,1.34375
2024,174,5,DAL,DB,DB,DB,Wake Forest,Caelen Carson,0.7796232876712329,1.0,2.0,0.7091798965830386,2.1158664,2.079886406907467,2.2735228210384637,1.5118223543081888,2.186911123406136,1.34375
2024,175,5,NOR,LB,LB,LB,Texas,Jaylan Ford,0.8600364963503649,1.0,2.0,0.8474296707395107,2.1285064,2.427512368989901,1.8115887436419462,1.6402667982126509,2.08708543109935,1.34375
2024,176,5,NYJ,CB,DB,DB,nan,Qwan'tez Stiggers,0.5,0.0,3.0,1.6363256535424864,2.2862175,2.7222044078173586,1.986405829903412,1.5039757289144853,2.3155214255997714,1.34375
2024,177,6,MIN,OL,OL,OL,Oklahoma,Walter Rouse,0.8743169398907105,1.0,0.0,1.3405497262985857,0.66482127,1.942457053596949,1.3468452970459786,1.0958627030197776,1.6132566818464613,1.078125
2024,178,6,PIT,DL,DL,DL,Iowa,Logan Lee,0.7548076923076923,1.0,0.0,1.0993024145145025,2.0229645,2.1190269119957295,1.1808765019496523,1.5356956633884808,1.6005021174400063,1.078125
2024,179,6,SEA,OL,OL,OL,Utah,Sataoa Laumea,0.5,0.0,0.0,1.3819705810640628,0.63853246,1.945695429405035,1.2812064300862944,1.1340365389210827,1.5784259402060754,1.078125
2024,180,6,NWE,DB,DB,DB,South Carolina,Marcellas Dial,0.7583904109589042,1.0,0.0,0.6925477511329959,1.675881,1.9014644774801017,1.3485886510423868,0.9471439472855856,1.5958846671456655,1.078125
2024,181,6,LAC,RB,RB,RB,Troy,Kimani Vidal,0.7256300741335594,1.0,7.0,1.2769696326322222,1.6605085,1.5197665924487382,1.0988136970677564,0.8497855017470278,1.2871018605464024,1.078125
2024,182,6,TEN,WR,WR,WR,Tulane,Jha'Quan Jackson,0.7902627528116499,1.0,0.0,1.554952204292105,1.0904398,1.5317425685928205,0.7634873699409077,1.0242042320097884,1.1071204986492342,1.078125
2024,183,6,NYG,LB,LB,LB,UCLA,Darius Muasau,0.9399635036496349,1.0,8.0,0.4889224447630651,1.633076,1.8245608865913625,1.2520124437458857,0.9657571938951063,1.5081078311323308,1.078125
2024,184,6,MIA,WR,WR,WR,Virginia,Malik Washington,0.6915752714005142,1.0,7.0,0.32958957282597817,1.0206574,1.2683721975005757,1.1633579003273133,0.9796982161415736,1.2103297808892468,1.078125
2024,185,6,PHI,WR,WR,WR,Florida St.,Johnny Wilson,0.592736733612266,1.0,0.0,0.5421220853247133,1.0498502,1.1182051009258922,1.0333235977127238,0.6821563520925765,1.0712902740357844,1.078125
2024,186,6,ATL,RB,RB,RB,Alabama,Jase McClellan,0.6758278511159864,1.0,0.0,0.9563393059860705,2.3149328,1.8882291016405448,1.333148238230784,1.1057197604936446,1.5814305460715306,1.078125
2024,187,6,ATL,WR,WR,WR,Illinois,Casey Washington,0.5799373789360546,1.0,1.0,0.7361798508994983,1.2043461,1.3037845755344433,1.0598827611497688,0.6673003021783817,1.1689776864712642,1.078125
2024,188,6,HOU,LB,LB,LB,Oregon,Jamal Hill,0.7565693430656935,1.0,2.0,0.6522365432209251,1.8475212,1.9753143983934858,1.3413480714021342,1.0910864700624974,1.624915085043762,1.078125
2024,189,6,DET,DT,DL,DL,LSU,Mekhi Wingo,0.8373397435897436,1.0,1.0,1.001641767223707,2.5409887,2.1596443554848705,1.6344022088094488,1.353751777627481,1.8693379468824434,1.078125
2024,190,6,PHI,OL,OL,OL,North Carolina St.,Dylan McMahon,0.5,0.0,0.0,1.4047331392510363,0.3938824,1.3744123230060692,0.9801834124407793,0.8621358376093249,1.1565181956829254,1.078125
2024,191,6,ARI,WR,WR,WR,Ala-Birmingham,Tejhaun Palmer,0.6059344185181876,1.0,0.0,1.08450391848739,0.81250364,1.3902479252418753,0.7791980269474919,0.9750336653873236,1.0525147434575413,1.078125
2024,192,6,SEA,CB,DB,DB,Auburn,D.J. James,0.8078674948240164,1.0,0.0,1.4997951925453608,1.637846,1.7014839260541144,1.2962758332421611,1.0421017401058514,1.4775214986157734,1.078125
2024,193,6,NWE,QB,QB,QB,Tennessee,Joe Milton,0.5635141739980449,1.0,2.0,0.2769018552482371,0.6771559,0.8430263223946985,0.45192886445186176,0.5927361025045468,0.6268629792287461,0.8764204545454546
2024,194,6,CIN,TE,TE,TE,Arizona,Tanner McLachlan,0.7457093821510297,1.0,0.0,0.29020469829161977,0.5966812,0.9629271141367239,0.4406977839683038,0.7272880864372385,0.6742859184172477,0.8764204545454546
2024,195,6,PIT,SAF,DB,DB,Texas,Ryan Watts,0.8219106162360816,1.0,0.0,1.162004380091198,1.8522495,1.8974253687753677,1.4395279039004014,0.9616316993730823,1.6443410163904373,0.8764204545454546
2024,196,6,LAR,DT,DL,DL,Clemson,Tyler Davis,0.8521634615384615,1.0,3.0,1.3834488086123276,1.656601,1.9826637433023515,1.4552248498048124,1.2205648913768885,1.6911431715242968,0.8764204545454546
2024,197,6,ATL,DL,DL,DL,Georgia,Zion Logue,0.5721153846153846,1.0,0.0,1.6828593370327336,1.6778044,1.882467941526379,1.2747057817051504,1.5724701821358917,1.5465519245174106,0.8764204545454546
2024,198,6,MIA,DB,DB,DB,California,Patrick McMorris,0.8448630136986301,1.0,0.0,0.5152047961212055,2.1523592,1.890286226947055,1.4449857030195936,1.07237038990333,1.6441643255138088,0.8764204545454546
2024,199,6,NOR,DL,DL,DL,Northern Iowa,Khristian Boyd,0.44711538461538464,1.0,0.0,0.9355319779820439,1.3629189,1.6291899434043915,1.049572049059085,1.3206744405195927,1.30882953382434,0.8764204545454546
2024,200,6,CAR,DT,DL,DL,Mississippi St.,Jaden Crumedy,0.8193108974358975,1.0,0.0,1.495249836904619,1.4896019,1.792862927445753,0.9872945310928943,1.253371861559674,1.3476174926578013,0.8764204545454546
2024,201,6,IND,CB,DB,DB,Marshall,Micah Abraham,0.8540372670807453,1.0,0.0,1.7158176714396038,2.0140564,2.152039254453697,1.243875494268235,1.4393080038267168,1.6500883709514507,0.8764204545454546
2024,202,6,GNB,OT,OL,OL,Georgia St.,Travis Glover,0.7617798930472967,1.0,0.0,0.6670063500990141,1.2508868,1.7051726151657765,0.8656159458922261,0.6865922699196608,1.2411415336067588,0.8764204545454546
2024,203,6,MIN,K,ST,K,Alabama,Will Reichard,0.8480000000000002,1.0,8.0,1.3312917515988496,2.6766913,2.7508586179794703,1.9056980485325221,2.080631434848252,2.283730206576594,0.8764204545454546
2024,204,6,BUF,OL,OL,OL,Central Florida,Tylan Grable,0.8797814207650273,1.0,2.0,1.763686763046751,0.3638343,1.6592133501640798,0.7340557671932975,0.6568398420147805,1.147869816683163,0.8764204545454546
2024,205,6,HOU,RB,RB,RB,Louisville,Jawhar Jordan,0.7404318527325111,1.0,0.0,0.5869405892984887,1.5568819,1.7510509419916636,1.0156723527651617,0.8076476387099444,1.3446000916559195,0.8764204545454546
2024,206,6,CLE,LB,LB,LB,Mississippi St.,Nathaniel Watson,0.8748175182481752,1.0,0.0,1.1179492212832045,1.4914864,1.8931033349517092,0.9860792507623966,1.3244524848317825,1.391782361402632,0.8764204545454546
2024,207,6,SEA,OT,OL,OL,Findlay,Michael Jerrell,0.5,0.0,2.0,0.8629627499358619,1.3741312,1.6999530558607492,0.8274992299482836,0.8543563918576708,1.2177393980334976,0.8764204545454546
2024,208,6,LVR,RB,RB,RB,New Hampshire,Dylan Laube,0.7892804734011037,1.0,0.0,0.9505362276576912,1.6322134,1.5585788434082268,0.9191183562313777,1.1370541650418553,1.2051428546821763,0.8764204545454546
2024,209,6,LAR,K,ST,K,Stanford,Joshua Karty,0.6586666666666667,1.0,2.0,1.5762899218504647,2.4716122,2.9908489567392222,2.2002857386639847,1.772569304239943,2.5538970288437746,0.8931623931623932
2024,210,6,DET,OL,OL,OL,Boston Col.,Christian Mahogany,0.8378870673952642,1.0,6.0,1.4458722244739457,0.33226871,1.5790548559555053,0.9368638053671259,0.5918396039040612,1.2241096584523876,0.8931623931623932
2024,211,6,KAN,DB,DB,DB,Tennessee,Kamal Hadden,0.7898972602739727,1.0,0.0,0.5637677142057004,1.2056937,1.7605219839575899,1.1120952152154444,1.0866030521360643,1.402130244777965,0.8931623931623932
2024,212,6,JAX,K,ST,K,Arkansas,Cam Little,0.6426666666666667,1.0,9.0,1.6143871821536315,3.1447823,3.01674684201739,2.295128235264646,1.8134089198541155,2.617901266819093,0.8931623931623932
2024,213,6,LAR,WR,WR,WR,Texas,Jordan Whittington,0.6379118485575399,1.0,5.0,1.3972321880027332,0.7972787,1.309353137091742,0.7782265149253473,0.7710818993043251,1.015794322107535,0.8931623931623932
2024,214,6,CIN,DE,DL,DL,Mississippi,Cedric Johnson,0.8237113402061855,1.0,2.0,0.7087538543348881,1.5712354,1.9309136046181772,1.4522292099768734,1.0420068016887138,1.6663401153420714,0.8931623931623932
2024,215,6,SFO,OL,OL,OL,USC,Jarrett Kingston,0.7668488160291439,1.0,0.0,1.232272897366033,0.3336484,1.481553256355601,0.7352305541994005,0.7308579045252581,1.0690534891022874,0.8931623931623932
2024,216,6,DAL,WR,WR,WR,SE Missouri St.,Ryan Flournoy,0.6481303389209061,1.0,5.0,0.5754715801413023,0.65079033,1.0650795195821356,0.7861575918009307,0.48404370103901034,0.9109166755610612,0.8931623931623932
2024,217,6,LAR,OL,OL,OL,Arkansas,Beaux Limmer,0.5,0.0,7.0,2.081956994540559,0.53765726,1.744193932074543,1.1090668818478222,0.8959468177856581,1.3931530757981188,0.8931623931623932
2024,218,6,BAL,QB,QB,QB,Kentucky,Devin Leary,0.6103739002932552,1.0,0.0,1.0764182514946279,0.6514916,0.9864518865606628,0.6060893398038896,0.3482550854036659,0.7762218324976438,0.8931623931623932
2024,219,6,BUF,CB,DB,DB,Penn St.,Daequan Hardy,0.8078633306429918,1.0,0.0,1.470191067745716,1.3227422,1.8147063558638925,1.0241926702692885,0.9524743842005954,1.3777818051423631,0.8931623931623932
2024,220,6,TAM,G,OL,OL,Texas-El Paso,Elijah Klein,0.859375,1.0,2.0,0.7678972458592506,1.1784704,1.7143451918185137,0.7377872742095205,0.6731456529357995,1.1745921968392814,0.8931623931623932
2024,221,7,BUF,OT,OL,OL,nan,Travis Clayton,0.5,0.0,0.0,0.48436115271316077,1.1380982,1.68151609470578,0.8582712113166128,0.8326345095073792,1.2265006947826518,0.8931623931623932
2024,222,7,WAS,DL,DL,DL,Notre Dame,Javontae Jean-Baptiste,0.7435897435897435,1.0,1.0,0.7175893624045443,0.91502166,1.0312059335450763,0.7367359767159306,0.5631612281362267,0.8684495436742534,0.8931623931623932
2024,223,7,LVR,FS,DB,FS,Air Force,Trey Taylor,0.8372454225275086,1.0,0.0,0.9240453513501252,1.6657315,1.6655253836876351,1.1375631331946054,1.3591233219069336,1.3737155474675988,0.8931623931623932
2024,224,7,CIN,SAF,DB,DB,Mississippi,Daijahn Anthony,0.8124056614092271,1.0,1.0,1.0913512683616644,1.4699503,1.7960724555869434,0.9470131844014019,1.4309736005795437,1.326789194146568,0.8931623931623932
2024,225,7,LAC,WR,WR,WR,USC,Brenden Rice,0.7403278356521891,1.0,0.0,1.1649468370434841,0.9668542,1.146317842480794,0.9311224952787046,0.5229020064980983,1.0273772951531994,0.78125
2024,226,7,ARI,DB,DB,DB,Miami (FL),Jaden Davis,0.7702054794520549,1.0,0.0,0.8428035976831698,1.5767758,1.9131497386495866,1.1450970969509606,1.5673172892897156,1.4886396238605493,0.78125
2024,227,7,CLE,DB,DB,DB,South Dakota,Myles Harden,0.751027397260274,1.0,3.0,0.6265788009671954,2.1162405,2.1633140748707524,1.4282959265200807,1.4141152751695991,1.7570624436562934,0.78125
2024,228,7,BAL,C,OL,OL,Michigan St.,Nick Samac,0.5,0.0,0.0,0.6258613871341322,1.9233216,1.8377424754036364,0.9085478106382476,1.202175812000119,1.3241676078015008,0.78125
2024,229,7,LVR,DB,DB,DB,Pittsburgh,M.J. Devonshire,0.8351842451497741,1.0,0.0,0.6610111525699583,1.5490195,1.5395664024663944,1.1293398402728845,1.0447703400258124,1.31283021853412,0.78125
2024,230,7,MIN,OL,OL,OL,Wake Forest,Michael Jurgens,0.9326047358834244,1.0,2.0,1.0352826770862034,0.3621653,1.5240297462018801,0.6176074160653007,0.8113449936007595,1.0230413679601367,0.78125
2024,231,7,NWE,TE,TE,TE,Florida St.,Jaheim Bell,0.8522497975193879,1.0,0.0,0.22726890817591328,0.3944906,0.9177088486583113,0.3714464621491246,0.5678628323754978,0.6157843505378705,0.78125
2024,232,7,MIN,DT,DL,DL,Texas A&M-Commerce,Levi Drake Rodriguez,0.6169871794871795,1.0,3.0,0.6710127706250412,0.97616607,1.0994373585100192,0.7262546105495582,0.5908184423671781,0.8931756485913076,0.78125
2024,233,7,DAL,OL,OL,OL,Louisiana,Nathan Thomas,0.5,0.0,0.0,1.1513226215519297,0.36279002,1.4426361722974637,0.7945980779183385,0.78988112600082,1.0844592572182041,0.78125
2024,234,7,IND,DL,DL,DL,Oklahoma,Jonah Laulu,0.766025641025641,1.0,10.0,1.5679344777307749,0.9529254,1.2109476906832073,0.7364857477223277,1.0278097452662882,0.9487079912979146,0.78125
2024,235,7,DEN,WR,WR,WR,Utah,Devaughn Vele,0.6217318558216697,1.0,6.0,0.6888280177047272,0.7694298,1.0432981597745579,0.5427010713373847,0.44045353385246144,0.7666133130261366,0.78125
2024,236,7,JAX,OLB,LB,LB,Texas Tech,Myles Cole,0.7376923076923078,1.0,0.0,1.938036648344769,1.1295077,1.71455493496727,0.8962584820605711,1.0107395710529632,1.2622745803721886,0.78125
2024,237,7,CIN,C,OL,OL,Miami (FL),Matt Lee,0.5,0.0,2.0,0.5575404595453956,1.2220757,1.5084915047445184,0.7500793755890199,0.6681908749869492,1.0893097943998276,0.78125
2024,238,7,HOU,DE,DL,DL,USC,Solomon Byrd,0.8323226197695572,1.0,0.0,0.3967831203986638,0.86577225,1.168294586283509,0.6770055099540103,0.9880601403364587,0.8967543677346757,0.78125
2024,239,7,NOR,OT,OL,OL,Eastern Kentucky,Josiah Ezirim,0.7633277185920854,1.0,0.0,0.3012921747074261,1.2116272,1.4941715107833629,0.8269925475720846,0.8411644651385581,1.1254152525911574,0.78125
2024,240,7,CAR,LB,LB,LB,Michigan,Michael Barrett,0.8528619528619529,1.0,0.0,1.0240051425951011,1.4384636,1.7190870573853057,0.9388377226572366,1.3922920613288534,1.2878357125513606,0.78125
2024,241,7,MIA,WR,WR,WR,USC,Tahj Washington,0.7438934832697699,1.0,0.0,0.4619040375905458,0.6860638,1.0580586320368144,0.7250125465795965,0.4656123005823522,0.8739808432165905,0.7635135135135135
2024,242,7,TEN,SAF,DB,DB,Miami (FL),James Williams,0.826931069936342,1.0,3.0,1.9919809687577585,1.7436173,2.162102303814219,1.3725238823225494,1.520375502571968,1.7256946825696735,0.7635135135135135
2024,243,7,CLE,DE,DL,DL,Cincinnati,Jowon Briggs,0.7516676773802304,1.0,5.0,0.8755425323821913,0.7661532,1.0605732992391537,0.7514203702417958,0.5816591133773268,0.8897014888076418,0.7635135135135135
2024,244,7,DAL,DL,DL,DL,Auburn,Justin Rogers,0.5176282051282052,1.0,0.0,0.9476953611802442,0.89570785,0.9486679239326936,0.8500240401524225,0.5611522482710242,0.8941464963687543,0.7635135135135135
2024,245,7,GNB,QB,QB,QB,Tulane,Michael Pratt,0.7336405529953917,1.0,0.0,0.6303689510648174,0.37615296,0.7839947000522709,0.4715392575566464,0.26858325932245497,0.6112975585291631,0.7635135135135135
2024,246,7,TAM,TE,TE,TE,Washington,Devin Culp,0.6848627940128296,1.0,1.0,0.2555501116190357,0.28820857,0.9545419754975055,0.22028800374892318,0.31007054071683693,0.5487127121691154,0.7635135135135135
2024,247,7,HOU,DL,DL,DL,Auburn,Marcus Harris,0.8060897435897435,1.0,0.0,1.0786764953014087,0.7300096,1.0452185077508507,0.6715057947730305,0.7558727885620987,0.8386638810517617,0.7635135135135135
2024,248,7,KAN,G,OL,OL,Holy Cross,C.J. Hanson,0.5,0.0,0.0,0.6400062890879251,1.2462705,1.6344843346464917,0.8167910935935999,0.7171574454262264,1.1825373810765358,0.7635135135135135
2024,249,7,HOU,OL,OL,OL,Michigan,LaDarius Henderson,0.5,0.0,0.0,1.196112598171749,0.703678,1.7978770888121824,1.2953879821469112,0.8235234529555068,1.5201465052518395,0.7635135135135135
2024,250,7,BAL,SAF,DB,DB,Purdue,Sanoussi Kane,0.8284076739658301,1.0,1.0,1.821132636104248,1.7530519,1.6801564894425016,1.2264256363351023,1.1116909721417287,1.429375063649211,0.7635135135135135
2024,251,7,SFO,LB,LB,LB,Florida St.,Tatum Bethune,0.8656934306569342,1.0,5.0,0.726933574768815,1.4041034,1.7228654503453824,1.0200860886866685,1.0344197057641726,1.3344325080048471,0.7635135135135135
2024,252,7,TEN,DE,DL,DL,Michigan,Jaylen Harrell,0.7383262583383869,1.0,3.0,1.2995573993364742,1.3175137,1.4171723091739363,0.8209967814855289,0.9761811915233055,1.0876603357113284,0.7635135135135135
2024,253,7,LAC,WR,WR,WR,Michigan,Cornelius Johnson,0.666256182043111,1.0,0.0,1.7339717130697598,0.8396546,1.1001175644379795,0.6214840171509393,0.49917154258035334,0.8355721790517319,0.7635135135135135
2024,254,7,LAR,OL,OL,OL,Kansas St.,KT Leveston,0.8378870673952642,1.0,0.0,2.7035620310283734,0.3900928,1.5218310124098418,0.7208186017302779,0.8086077866518764,1.0791037149369378,0.7635135135135135
2024,255,7,GNB,CB,DB,DB,Penn St.,Kalen King,0.737888198757764,1.0,0.0,1.477916466789299,1.9308695,1.8427930023412706,1.3715871431131148,0.8633852489304621,1.5823529718394302,0.7635135135135135
2024,256,7,DEN,OL,OL,OL,South Carolina,Nick Gargiulo,0.5,0.0,0.0,1.884327802453406,0.49299145,1.6236278104754527,0.7503398361227567,0.7739173121806195,1.140953110753274,0.7635135135135135
2024,257,7,NYJ,SAF,DB,DB,Alabama,Jaylen Key,0.8366219674928357,1.0,0.0,1.9611039160642973,1.2694715,1.6221081210163062,0.9001901732557266,0.9003152781830778,1.2230970972619972,0.1645021645021645
