draft_season,pick,round,team,position,position_group,category,college,pfr_player_name,college_perf_score,cfb_matched,av_2yr,pred_spline,pred_xgb,pred_catboost,pred_rf,pred_mlpe,pred_ftt,pred_tabnet
2024,1,1,CHI,QB,QB,QB,USC,Caleb Williams,0.749554450536218,1.0,27.0,4.958007219689742,15.871332,16.40665550890517,13.809498408844242,5.645616708034096,11.525821270838332,10.570984556723614
2024,2,1,WAS,QB,QB,QB,LSU,Jayden Daniels,0.8246252851091562,1.0,26.0,5.116621313893387,16.628742,18.927257637375654,15.704371416858665,14.654399132243437,10.804995473452003,8.329482706754238
2024,3,1,NWE,QB,QB,QB,North Carolina,Drake Maye,0.649444592553097,1.0,26.0,3.9256676183461225,13.328999,12.504712443480766,15.50213649093371,7.097474780168993,11.62345754713164,11.135618080382024
2024,4,1,ARI,WR,WR,WR,Ohio St.,Marvin Harrison Jr.,0.707566499857541,1.0,13.0,8.030282329796984,17.416164,13.748681153414694,11.428716533659705,8.948245291583868,11.060600480800483,10.308188347201927
2024,5,1,LAC,OL,OL,OL,Notre Dame,Joe Alt,0.8378870673952642,1.0,12.0,8.160335670313012,9.157331,9.390492939006483,11.703324151605514,9.37997593269839,12.292905129114835,9.040872270491006
2024,6,1,NYG,WR,WR,WR,LSU,Malik Nabers,0.7049365094053386,1.0,12.0,5.840705145107468,13.097912,11.789725603293912,10.668672284653143,8.130078713884767,10.965132253622462,10.371434004932427
2024,7,1,TEN,OL,OL,OL,Alabama,JC Latham,0.5,0.0,11.0,5.32267375680148,11.750032,11.908745207216025,11.111571217799353,10.097958466144375,12.425150110898148,10.435284214408513
2024,8,1,ATL,QB,QB,QB,Washington,Michael Penix,0.6826420890937019,1.0,8.0,4.0884574266333376,13.238751,13.264001109656569,14.060216345354176,2.427509604998173,9.168276804073328,6.452373141187614
2024,9,1,CHI,WR,WR,WR,Washington,Rome Odunze,0.745206277403384,1.0,12.0,4.650715499991427,12.460239,11.164340594868689,10.413216312710047,8.940407056532392,10.708778164339252,9.918489429949231
2024,10,1,MIN,QB,QB,QB,Michigan,J.J. McCarthy,0.5517665130568357,1.0,0.0,3.294545985930625,13.08494,11.671355061212862,13.617918335656782,5.61799807852695,11.6512733923623,11.176053409802924
2024,11,1,NYJ,OL,OL,OL,Penn St.,Olumuyiwa Fashanu,0.5,0.0,10.0,2.7443302002346655,12.769991,11.379863676470377,10.754627380663447,10.14092714574642,11.549205588982343,8.579726459766347
2024,12,1,DEN,QB,QB,QB,Oregon,Bo Nix,0.6535218949664953,1.0,26.0,4.600090385331033,11.548796,11.561196644581713,13.486863222696575,5.501650882615882,10.94131873910081,9.912082304229884
2024,13,1,LVR,TE,TE,TE,Georgia,Brock Bowers,0.8809515324305061,1.0,14.0,4.993884785783862,7.5152903,10.14299055978014,11.071330561501789,7.794362484508983,10.480095392606378,10.706081798669969
2024,14,1,NOR,OL,OL,OL,Oregon St.,Taliese Fuaga,0.8378870673952642,1.0,13.0,7.186436664030571,12.073463,9.912805328968888,10.921760153379369,9.628321643069558,11.871944971915134,10.445842919362637
2024,15,1,IND,DL,DL,DL,UCLA,Laiatu Latu,0.8269230769230769,1.0,10.0,5.624559817577243,10.297322,10.39110963552801,8.302059670717185,8.242422226641231,9.157031821865475,8.693067527170754
2024,16,1,SEA,DL,DL,DL,Texas,Byron Murphy,0.546474358974359,1.0,14.0,4.575117803820481,12.057041,11.041632308379292,8.962284748078181,9.051902374406366,10.513643290906343,8.233275349618799
2024,17,1,MIN,LB,LB,LB,Alabama,Dallas Turner,0.7700729927007299,1.0,9.0,6.124106128371612,11.236207,10.08827340961533,9.66551639265057,8.205796813195253,10.203672718183308,8.897805826679846
2024,18,1,CIN,OL,OL,OL,Georgia,Amarius Mims,0.5,0.0,16.0,3.1831952052594286,10.316308,9.976673958186726,8.695827770882625,9.890099778217868,10.280955711799665,10.654240653051593
2024,19,1,LAR,DL,DL,DL,Florida St.,Jared Verse,0.7291666666666666,1.0,22.0,5.7089083161997145,6.3665266,8.383346608699334,8.639190002941026,8.563861349371322,7.79022239899024,9.578677996443087
2024,20,1,PIT,OL,OL,OL,Washington,Troy Fautanu,0.5,0.0,9.0,2.1573845629283155,9.792453,8.906362224481585,10.800259673477614,9.499552786449897,11.055428617282443,10.381781789961009
2024,21,1,MIA,DE,DL,DL,Penn St.,Chop Robinson,0.6785930867192238,1.0,4.0,4.2528731437554566,10.628314,10.610064254650721,9.555036479361643,7.930815595981019,9.540697135999045,10.275026725711719
2024,22,1,PHI,CB,DB,DB,Toledo,Quinyon Mitchell,0.8496894409937887,1.0,19.0,5.302819534103851,8.666321,8.304089157159751,6.130158717691778,5.874835872625454,4.820271651827965,7.263863575219395
2024,23,1,JAX,WR,WR,WR,LSU,Brian Thomas,0.6171813158530711,1.0,18.0,6.506067955540799,10.112403,10.836742225323798,7.535964596508843,7.151702373788553,8.791656237287906,9.809464741776825
2024,24,1,DET,DB,DB,DB,Alabama,Terrion Arnold,0.791820215010039,1.0,8.0,5.842129838976978,10.175193,9.779172273225496,7.0912418940891975,6.451269839868214,9.275292151581736,8.829869545316738
2024,25,1,GNB,OL,OL,OL,Arizona,Jordan Morgan,0.8743169398907104,1.0,9.0,6.5243549115167605,9.262232,7.73821974711411,7.111288851607613,10.348588340443918,9.6037374810595,9.106960204279131
2024,26,1,TAM,OL,OL,OL,Duke,Graham Barton,0.7686703096539163,1.0,15.0,6.7254512533615145,9.27072,8.682022933139304,7.506831573223165,8.61095592883159,10.59377483343752,10.525623499384483
2024,27,1,ARI,DL,DL,DL,Missouri,Darius Robinson,0.7692307692307693,1.0,4.0,6.608220426057859,7.469642,8.785137895191191,7.228742044056855,6.274879240449238,5.544692139664688,7.093741882831147
2024,28,1,KAN,WR,WR,WR,Texas,Xavier Worthy,0.7714353816259955,1.0,13.0,5.195852301116853,11.105502,11.621396572094826,7.776660296217458,8.8253731604464,9.487816424623638,8.099073177760706
2024,29,1,DAL,OL,OL,OL,Oklahoma,Tyler Guyton,0.7559198542805101,1.0,9.0,6.750826691894764,8.897266,7.535167134705369,5.934180284294824,8.516021905266753,7.739878349525232,10.144168185989692
2024,30,1,BAL,CB,DB,DB,Clemson,Nate Wiggins,0.7556935817805382,1.0,7.0,5.214941574540592,9.59916,8.337220410553796,6.1714937555887195,5.610651727524924,5.738467352664573,8.676553286132132
2024,31,1,SFO,WR,WR,WR,Florida,Ricky Pearsall,0.792173450798468,1.0,8.0,5.0952300515438225,8.6131,8.327655519425202,6.198660945647015,7.975002616089503,9.005144331259167,8.5151121613909
2024,32,1,CAR,WR,WR,WR,South Carolina,Xavier Legette,0.649444251301776,1.0,8.0,6.241536667906721,8.79965,8.681713247365053,7.121066228799755,6.052232447255975,8.188502430695987,7.809803833365358
2024,33,2,BUF,WR,WR,WR,Florida St.,Keon Coleman,0.6268613034284715,1.0,11.0,3.6162483061117103,8.640851,9.921250290004982,5.931853568752159,7.653814711072717,7.980687744301905,7.003178319724064
2024,34,2,LAC,WR,WR,WR,Georgia,Ladd McConkey,0.6997027674055218,1.0,18.0,5.879359034630963,6.548548,7.391127750439306,7.9945478848550175,7.540367168574069,8.012443672584748,6.304033175139772
2024,35,2,ATL,DT,DL,DL,Clemson,Ruke Orhorhoro,0.8517628205128205,1.0,6.0,4.68345925405293,8.067177,7.221861532144329,6.107029045891683,6.585128588518458,6.136022879649405,4.81239160798007
2024,36,2,WAS,DL,DL,DL,Illinois,Jer'Zhan Newton,0.8637820512820512,1.0,7.0,4.101320852358499,7.7956657,7.625610711277442,5.4434414787171175,5.597579081802622,5.74015286145589,4.798985791407606
2024,37,2,NWE,WR,WR,WR,Washington,Ja'Lynn Polk,0.7034009506676182,1.0,0.0,2.946130350961948,8.467408,8.174906227948016,6.4518415189428,5.810227729091688,6.515053699284074,6.252444759168429
2024,38,2,TEN,DL,DL,DL,Texas,T'Vondre Sweat,0.7467948717948717,1.0,11.0,6.486117475359227,6.5758924,7.17221898610092,5.648097317194416,6.039251519841773,5.059383641786472,4.661407967936269
2024,39,2,LAR,DL,DL,DL,Florida St.,Braden Fiske,0.8733974358974359,1.0,14.0,4.291449269845654,4.594058,5.730927375825857,5.0852494852713495,5.694036818542612,5.2369226374171465,4.048318168810483
2024,40,2,PHI,DB,DB,DB,Iowa,Cooper DeJean,0.8415329498294934,1.0,16.0,3.9825134283601247,8.681674,9.568608716518359,5.068412469402811,4.5635882402783325,6.49098997780458,5.310493414228701
2024,41,2,NOR,DB,DB,DB,Alabama,Kool-Aid McKinstry,0.7532679908836976,1.0,10.0,4.259270933828002,8.753133,8.154501141403603,5.716199147789035,4.115984002200987,7.3223279911538235,5.660175400505087
2024,42,2,HOU,DB,DB,DB,Georgia,Kamari Lassiter,0.6696037686363912,1.0,14.0,4.349887904492995,6.320799,7.220887880297745,5.2913841330384965,5.260199569671365,5.823850249842883,5.901658476524171
2024,43,2,ARI,DB,DB,DB,Rutgers,Max Melton,0.8616972986059275,1.0,4.0,5.913318316943932,7.1464396,7.593065287381995,6.214050498537695,5.7083057265718455,4.830422907553068,4.76222233942418
2024,44,2,LVR,OL,OL,OL,Oregon,Jackson Powers-Johnson,0.8542805100182149,1.0,6.0,5.288600563155981,5.966717,5.790318967302213,6.571099507794234,6.030489599138838,6.748863196629355,6.891892390144386
2024,45,2,GNB,LB,LB,LB,Texas A&M,Edgerrin Cooper,0.8375912408759124,1.0,10.0,3.5219443624548665,8.348586,6.831393123830464,4.36838846089939,4.963025654821917,5.665644023045364,4.627661741050585
2024,46,2,CAR,RB,RB,RB,Texas,Jonathon Brooks,0.6008051181569809,1.0,0.0,4.196192194544746,7.6081705,8.956130793993157,5.754217763515909,8.716793587172294,7.940943895637803,6.916071828581472
2024,47,2,NYG,DB,DB,DB,Minnesota,Tyler Nubin,0.7796803652968036,1.0,9.0,4.01008700515193,7.338092,6.908170162755954,5.510652511541142,4.447206617711156,5.199015757050214,3.545414983878207
2024,48,2,JAX,DT,DL,DL,LSU,Maason Smith,0.6951121794871795,1.0,4.0,6.495292670579441,8.06207,8.509894605122431,5.229408600996039,6.888547660960389,5.685671917795625,6.6700068956428975
2024,49,2,CIN,DL,DL,DL,Michigan,Kris Jenkins,0.5977564102564102,1.0,6.0,2.819105672854913,6.5284166,7.9304627715017375,4.541788296213245,5.292917839202113,4.838897434796213,5.564078041345877
2024,50,2,WAS,DB,DB,DB,Michigan,Mike Sainristil,0.8222845851505881,1.0,10.0,3.548506297665454,6.820498,6.3191305615185405,5.382331939930345,4.751150377416217,4.189054430012536,4.363382047834581
2024,51,2,PIT,OL,OL,OL,West Virginia,Zach Frazier,0.8105646630236794,1.0,13.0,4.3632454353613435,6.8790274,6.645658011983493,7.109180590697922,6.552401606892171,6.234971495084728,6.42480769087069
2024,52,2,IND,WR,WR,WR,Texas,Adonai Mitchell,0.5746319102079663,1.0,8.0,3.4949947088996662,8.625354,7.417729224929585,5.83863264996771,5.55916422226843,5.516434053291312,6.558246921398282
2024,53,2,WAS,TE,TE,TE,Kansas St.,Ben Sinnott,0.7751737348538844,1.0,1.0,3.543378306288859,6.2883897,6.314795110836843,4.429100433584034,4.89391402665954,5.25734572253051,6.783141056306139
2024,54,2,CLE,DT,DL,DL,Ohio St.,Michael Hall,0.7039262820512822,1.0,3.0,5.471307243919216,7.1950192,7.68293461076689,3.2109525304358497,7.115553656323148,5.1745551244116,6.595077886810944
2024,55,2,MIA,OL,OL,OL,Houston,Patrick Paul,0.5,0.0,10.0,1.451240519858936,6.956283,7.25317029718253,7.579347142700982,6.375783143187314,5.86735341029715,6.436197111042148
2024,56,2,DAL,DL,DL,DL,Western Michigan,Marshawn Kneeland,0.8092948717948717,1.0,2.0,3.3900405453626066,6.323604,5.835129776591382,3.898931865560981,4.339071750444553,3.8486655496210322,4.9155814762927665
2024,57,2,TAM,LB,LB,LB,Alabama,Chris Braswell,0.7660757733750435,1.0,2.0,4.350640978879599,7.660009,7.530881728263607,4.416377904855498,5.477390465235846,4.819625037770928,6.187630515495455
2024,58,2,GNB,DB,DB,DB,Georgia,Javon Bullard,0.7604452054794522,1.0,7.0,4.379210225231333,7.8439307,6.9976009337461065,4.859047174980117,5.257927577897175,5.252178536378536,5.114371623542202
2024,59,2,HOU,OL,OL,OL,Notre Dame,Blake Fisher,0.8378870673952642,1.0,8.0,4.122665522486349,5.262329,5.289754242335194,6.103128050928943,4.116036451532212,6.272790375654009,5.923071394086436
2024,60,2,BUF,SAF,DB,DB,Utah,Cole Bishop,0.8323452847111324,1.0,9.0,4.055160378941598,7.3332977,6.855263708120484,5.090808970680356,4.0599090065972945,5.066996773078842,5.499493481436969
2024,61,2,DET,DB,DB,DB,Missouri,Ennis Rakestraw,0.7741438356164385,1.0,0.0,3.6152187346839137,6.9574547,6.3015427301608575,4.659500727053682,4.036378628966518,3.9613536154630093,4.822867850396066
2024,62,2,BAL,OL,OL,OL,Washington,Roger Rosengarten,0.8378870673952642,1.0,17.0,4.4677076020128235,6.3596644,5.804523767130368,6.448568272033099,4.086742763930187,6.109074153747735,6.187056460761405
2024,63,2,KAN,OL,OL,OL,BYU,Kingsley Suamataia,0.5,0.0,10.0,1.762253551511642,7.3834853,6.903347026572399,6.129834848935642,6.402901831112433,5.698772177475448,6.414733174068609
2024,64,2,SFO,DB,DB,DB,Florida St.,Renardo Green,0.7696917808219179,1.0,8.0,3.6357124045564273,6.336392,5.612060386603961,5.52374871789011,4.3732315469100325,4.953661904616654,3.908196781257334
2024,65,3,NYJ,WR,WR,WR,Western Kentucky,Malachi Corley,0.7177416586278517,1.0,1.0,2.3218213190563937,5.831744,5.962581802193143,5.759131549658642,4.497820074551787,4.610997241136091,3.8237984042891187
2024,66,3,ARI,RB,RB,RB,Florida St.,Trey Benson,0.675055816658901,1.0,3.0,3.7045442325410707,6.563173,5.77285579840171,5.724020024443646,6.724242325300547,5.693334622966318,4.307319646469185
2024,67,3,WAS,OL,OL,OL,TCU,Brandon Coleman,0.9289617486338799,1.0,11.0,3.604831216300203,5.353097,4.816601189173742,5.7286748234177285,5.58382038764994,4.652849383921799,4.084305066129694
2024,68,3,NWE,OL,OL,OL,Penn St.,Caedan Wallace,0.5,0.0,1.0,1.283521996054175,5.382975,5.151269429167216,5.606659962604435,5.388295648746991,4.263895734378939,3.950481875862957
2024,69,3,LAC,LB,LB,LB,Michigan,Junior Colson,0.7412408759124088,1.0,0.0,3.8769969547116454,4.0756097,4.49545049685016,4.471867959509977,3.1076314187606084,3.7780917767101236,3.338409642790908
2024,70,3,NYG,DB,DB,DB,Kentucky,Andru Phillips,0.7318493150684933,1.0,6.0,3.494258945002948,5.937863,5.311517443389216,4.375465488585765,4.448905602175338,3.619628664834067,3.35882713867302
2024,71,3,ARI,OL,OL,OL,Illinois,Isaiah Adams,0.5,0.0,8.0,2.3155250404844954,5.1322923,4.778037730132015,6.441918790101324,4.973139638285952,3.9200177798064213,3.9264049302921666
2024,72,3,CAR,LB,LB,LB,Kentucky,Trevin Wallace,0.7852189781021899,1.0,8.0,4.475787805736446,6.63368,5.976535973356037,4.42664978345801,3.9741469478040123,4.095775024704912,3.5598055613704114
2024,73,3,DAL,OL,OL,OL,Kansas St.,Cooper Beebe,0.8378870673952642,1.0,10.0,4.545622595001627,5.8210664,4.7065416976971495,4.305810042932507,5.4173672928263565,3.554466472018632,3.9387790227657336
2024,74,3,ATL,DE,DL,DL,Washington,Bralen Trice,0.7953305033353547,1.0,0.0,2.440085147173257,5.442779,4.998461069387499,4.211464442747558,3.8619808267134514,3.4388207797834696,3.7363248777608686
2024,75,3,CHI,OL,OL,OL,Yale,Kiran Amegadjie,0.6557377049180328,1.0,0.0,4.545449106405918,5.5389957,5.10526194795256,5.254290357611227,4.7273917701845,4.647939663132525,3.9733198310687596
2024,76,3,DEN,DE,DL,DL,Utah,Jonah Elliss,0.7592480291085507,1.0,3.0,2.8627824639813224,5.604036,5.758344430458503,4.454912783355661,3.7269091491035518,3.668119644104698,3.7679683189474296
2024,77,3,LVR,OL,OL,OL,Maryland,Delmar Glaze,0.7941712204007286,1.0,11.0,4.368234198565976,3.9929872,3.8433989870105125,5.775004865376002,4.407833594192718,4.210167456704128,3.9702047037886787
2024,78,3,HOU,SAF,DB,DB,USC,Calen Bullock,0.8316671406383305,1.0,14.0,2.906081278547159,4.295158,4.490417398211075,4.835926098994281,3.2220381627019665,3.664789723746915,3.536519926037797
2024,79,3,IND,OL,OL,OL,Pittsburgh,Matt Goncalves,0.8378870673952642,1.0,12.0,4.299302975367479,4.9765544,4.779658524861283,4.705562503691034,4.726923417138671,4.8365661301016445,3.9535250001714988
2024,80,3,CIN,WR,WR,WR,Alabama,Jermaine Burton,0.7217813197192388,1.0,0.0,2.968728937031911,5.2927804,4.912495375546603,4.139106469464827,3.725388530234697,3.769836970193517,3.859410430611229
2024,81,3,SEA,OL,OL,OL,Connecticut,Christian Haynes,0.936247723132969,1.0,2.0,4.379282715390196,5.2050867,4.288719381834546,4.752561493643051,4.907540702229976,4.731769240161813,4.111248093664463
2024,82,3,ARI,TE,TE,TE,Illinois,Tip Reiman,0.6898337595907928,1.0,0.0,3.223064373754663,3.312141,3.781981452187872,2.879619243543999,3.3892658368848463,3.584398663599627,3.5770720948195898
2024,83,3,LAR,RB,RB,RB,Michigan,Blake Corum,0.7357486706778297,1.0,8.0,2.8938001389370744,2.8816342,4.242281839537882,4.794162942989796,8.642694118493461,4.420225318801246,3.842129820868891
2024,84,3,PIT,WR,WR,WR,Michigan,Roman Wilson,0.6938027919705477,1.0,2.0,2.4151680112672826,5.5817275,4.494832282719602,3.775080795414821,3.106852920703443,3.9195884718824088,3.825918473306441
2024,85,3,CLE,OL,OL,OL,Michigan,Zak Zinter,0.5,0.0,1.0,1.6771052787264724,4.578783,4.139504997724442,3.9018663065452586,4.55656640169562,3.5998699762880833,3.927537323210105
2024,86,3,SFO,OL,OL,OL,Kansas,Dominick Puni,0.8378870673952642,1.0,15.0,3.5297660406105957,4.4098763,4.518836012428433,3.7448305261294466,4.726706321867527,4.583389014539149,3.9173293578713775
2024,87,3,DAL,LB,LB,LB,Notre Dame,Marist Liufau,0.7321167883211679,1.0,6.0,2.3822366351870103,4.5658526,4.545209756013415,2.9247927201216766,3.090741360491085,3.312905244758645,3.85338032314329
2024,88,3,GNB,RB,RB,RB,USC,MarShawn Lloyd,0.6421393784930675,1.0,0.0,2.4166406722255114,4.431673,4.648380368138503,4.446778021813974,5.592777718726469,4.782857583255712,4.252372935269227
2024,89,3,TAM,DB,DB,DB,Georgia,Tykee Smith,0.8700342465753425,1.0,9.0,3.3380374886159645,4.191971,3.7665905785895952,3.9469991998276694,2.7545985081713296,3.146727759118287,2.252448422331513
2024,90,3,ARI,DB,DB,DB,Boston Col.,Elijah Jones,0.8299657534246576,1.0,0.0,4.232697935122032,4.3353925,3.981666300513698,3.36398963011191,2.705101823302288,3.4520177481753564,1.7989402030843145
2024,91,3,GNB,LB,LB,LB,Missouri,Ty'Ron Hopper,0.8158759124087591,1.0,3.0,2.9187908887251446,4.673884,4.024695810641128,3.4321281683739575,3.0941871137315626,3.786598806437035,2.26104314941415
2024,92,3,TAM,WR,WR,WR,Washington,Jalen McMillan,0.6808292564744471,1.0,7.0,2.070878344152912,4.8593926,4.506306062906296,3.86221645715453,3.266187912010201,4.452476104595804,3.8673427005920678
2024,93,3,BAL,DE,DL,DL,Penn St.,Adisa Isaac,0.7656155245603395,1.0,0.0,2.879981870633002,3.411056,4.210889804096211,2.92571672285022,2.5251457720044326,3.606466383608806,3.331964698737128
2024,94,3,PHI,DE,DL,DL,Houston Christian,Jalyx Hunt,0.6992116434202548,1.0,9.0,2.606865868787976,4.604282,4.730394668699623,2.640630117629928,3.5398037415563195,3.5663613895348116,4.090707653728625
2024,95,3,BUF,DT,DL,DL,Duke,DeWayne Carter,0.8361378205128205,1.0,0.0,3.3540436530931315,4.0197825,3.9278708957384274,2.9631494399842575,3.1507876877063947,3.331230941659937,2.6245373069620848
2024,96,3,JAX,DB,DB,DB,Florida St.,Jarrian Jones,0.8046232876712329,1.0,5.0,4.01958498865867,4.1953926,4.212151258205203,2.884143603072426,3.2972750375403073,3.1911005949887152,2.634899074072838
2024,97,3,CIN,DL,DL,DL,Texas A&M,McKinnley Jackson,0.6971153846153846,1.0,2.0,2.233092481442176,3.8711307,4.186344255722188,2.71506777235356,2.9670137627673236,2.8825889075129747,3.4469957081384464
2024,98,3,PIT,LB,LB,LB,North Carolina St.,Payton Wilson,0.9210636079249216,1.0,7.0,2.954793286791847,4.468811,3.958919555003452,3.6148499250338735,2.2225099129617134,3.627648893101176,1.9370167822065127
2024,99,3,LAR,SAF,DB,DB,Miami (FL),Kamren Kinchens,0.8204897520384682,1.0,8.0,3.2455131987298005,2.9258783,3.0715455286604145,3.5833748849605676,3.0028219788427974,2.6137871802044326,3.411571062288874
2024,100,3,WAS,WR,WR,WR,Rice,Luke McCaffrey,0.7552848172480414,1.0,4.0,2.5773264584603153,4.3311157,3.896878232199638,2.846957210366453,5.176245359414465,3.005821183397118,3.2124173706981223
2024,101,4,CAR,TE,TE,TE,Texas,Ja'Tavion Sanders,0.7007054544317133,1.0,5.0,2.571201455972344,3.4001741,3.9900449695430895,2.908717361089364,2.5495697225293084,1.8870311934107213,2.6686811024450603
2024,102,4,DEN,WR,WR,WR,Oregon,Troy Franklin,0.6538261855536692,1.0,8.0,2.151486611104096,4.7862153,4.320461502781842,2.9542441959667545,2.4775171576956843,2.8155033094072013,2.670252804754039
2024,103,4,NWE,OL,OL,OL,Texas A&M,Layden Robinson,0.7449908925318761,1.0,0.0,2.7225287616857776,3.4146228,3.577536396569388,2.2940431360475535,3.212572540774156,2.7012739725547164,2.491716295877397
2024,104,4,ARI,DB,DB,DB,Texas Tech,Dadrion Taylor-Demerson,0.8343478113536821,1.0,3.0,2.877829107559869,3.6228242,3.479239874640629,2.911234416028625,2.020834155889398,2.248396925935388,1.2505636833933476
2024,105,4,LAC,DL,DL,DL,Alabama,Justin Eboigbe,0.7676282051282051,1.0,2.0,3.678743132007469,2.7374895,2.9431918474810437,2.7170677575042945,2.4523401162987337,1.9070426347015925,1.689398429246794
2024,106,4,TEN,LB,LB,LB,North Carolina,Cedric Gray,0.8954379562043796,1.0,6.0,3.2445568889631566,3.8875334,3.7477730776575635,3.5067982201574472,1.8169286320967573,2.3163631691481217,1.4775626128469823
2024,107,4,NYG,TE,TE,TE,Penn St.,Theo Johnson,0.7788901601830663,1.0,7.0,1.6385810146195128,2.9726398,3.0318767154528623,2.3726800285600578,2.0343219039673825,2.2546428937665066,2.2453175122711873
2024,108,4,MIN,DB,DB,DB,Oregon,Khyree Jackson,0.7393835616438357,1.0,0.0,2.511265947727963,4.317063,3.5536257220419447,2.622839916117475,2.9006482394023383,2.6831997329011825,2.527629366052056
2024,109,4,ATL,DE,DL,DL,Oregon,Brandon Dorlus,0.8074590661006671,1.0,5.0,2.529026273164512,3.8738978,3.0733919875133124,2.3736770203500335,2.422911956901771,2.341519179031374,1.532898561958087
2024,110,4,NWE,WR,WR,WR,Central Florida,Javon Baker,0.6302090875758352,1.0,0.0,2.1538362188266245,4.575667,3.683298570648673,2.4765520347380647,2.3694585980359513,2.244754662332891,2.3862915480871774
2024,111,4,GNB,DB,DB,DB,Oregon,Evan Williams,0.8351027397260274,1.0,8.0,2.469807168361458,4.105094,3.0907557153442933,2.9034249553474005,2.0981229636105914,2.9609033404087364,1.2758014202181842
2024,112,4,LVR,CB,DB,DB,Mississippi St.,Decamerion Richardson,0.7229813664596272,1.0,4.0,2.524452209491821,2.9598901,3.0912374035287535,2.643797970380961,2.1374401406820476,2.0362834183394303,2.2217662783413457
2024,113,4,BAL,WR,WR,WR,North Carolina,Devontez Walker,0.6588537810286538,1.0,1.0,2.232404072639481,3.5231977,3.8184859881023603,2.2068413886841802,2.0010398638942872,2.927671047143499,2.710580082914974
2024,114,4,JAX,OL,OL,OL,Missouri,Javon Foster,0.5,0.0,0.0,1.7441887926801707,3.2180362,3.5124287828110567,2.189251297971105,3.162290172164156,2.259915201788843,2.361017233378892
2024,115,4,CIN,TE,TE,TE,Iowa,Erick All,0.752574370709382,1.0,0.0,1.758472732744601,2.5975556,2.7474426885755663,1.958819029220868,1.6821736229350286,2.1457467037625757,1.414342923811219
2024,116,4,JAX,DT,DL,DL,LSU,Jordan Jefferson,0.8004807692307693,1.0,1.0,4.21862780493884,4.0721583,3.4217284208565464,2.639720195952179,2.3958932809632216,1.737191453705901,0.5858785539311472
2024,117,4,IND,OL,OL,OL,Wisconsin,Tanor Bortolini,0.5,0.0,10.0,1.6482449799399173,3.639893,3.5666117888002002,2.889475576991957,3.1293180735826884,1.6079924062483586,2.5595342828179444
2024,118,4,SEA,LB,LB,LB,Texas-El Paso,Tyrice Knight,0.8423357664233577,1.0,9.0,2.8593850568282777,3.6586752,2.996601049368078,2.689553273173491,1.7521741783017974,2.4539060113685385,1.4430480777511747
2024,119,4,PIT,OL,OL,OL,South Dakota St.,Mason McCormick,0.5,0.0,13.0,0.9885022853236015,3.1869097,3.4336554858209913,2.2957841889731734,2.855333913586046,2.0984952656163323,2.4302572543317518
2024,120,4,MIA,RB,RB,RB,Tennessee,Jaylen Wright,0.58434470585373,1.0,4.0,1.4881393048486244,4.4663663,4.572479969875403,3.258913852916086,4.103218241230114,4.04993728767652,2.7439111425585634
2024,121,4,SEA,TE,TE,TE,Michigan,AJ Barner,0.7316933638443935,1.0,7.0,1.8646923996549019,3.1467295,2.969540850900213,1.7365848884428468,1.8175331442612623,2.2156455034882123,2.2091927947119334
2024,122,4,CHI,P,ST,P,Iowa,Tory Taylor,0.7944272445820434,1.0,6.0,3.08910413816882,3.2201498,3.9173142927652065,2.4864343750808278,2.4104648521897962,3.214460147652047,2.301195506307615
2024,123,4,HOU,TE,TE,TE,Ohio St.,Cade Stover,0.8140732265446223,1.0,2.0,2.1039244719855272,1.8354113,2.101591136396584,1.6785479500256801,1.7587904008755237,1.9807924642690904,1.5969779574276974
2024,124,4,SFO,DB,DB,DB,Wake Forest,Malik Mustapha,0.7933219178082193,1.0,8.0,2.250614552188497,4.1121655,4.023609342048363,2.511081930657444,2.0846704138376664,3.0238305634359564,2.1521052842670145
2024,125,4,TAM,RB,RB,RB,Oregon,Bucky Irving,0.7521314087239581,1.0,18.0,2.310955162314778,3.38548,3.7574011206076547,2.9095164508322005,3.9001880011788224,3.51678177966723,2.762185534394892
2024,126,4,DET,OL,OL,OL,British Columbia,Giovanni Manu,0.5,0.0,0.0,1.1125102288230266,2.9161634,3.243926142857941,1.6886519901173198,2.9992133112962334,2.7114989277356147,2.491437422851678
2024,127,4,PHI,RB,RB,RB,Clemson,Will Shipley,0.7333534326436605,1.0,2.0,1.9530374436844806,3.735435,4.2024002372462315,2.4603070431847347,3.4416573934929215,3.4325695900989235,2.783941537007048
2024,128,4,BUF,RB,RB,RB,Kentucky,Ray Davis,0.7519092544060956,1.0,10.0,2.7604660827274787,3.822893,3.8965746404812553,2.871403505988951,5.702597553383941,2.1044067452220836,1.5576789981559467
2024,129,4,SFO,RB,RB,RB,Louisville,Isaac Guerendo,0.6781102391845882,1.0,4.0,2.112435026115956,3.1590118,3.259929411063658,2.0680532502090374,2.5931285654060345,3.500420223487219,1.8561306866109664
2024,130,4,BAL,DB,DB,DB,Iowa St.,T.J. Tampa,0.7731164383561645,1.0,1.0,2.9033647085549834,3.0939236,2.8899937678070993,1.900543119587908,1.5506549435432724,2.203735551037443,1.9239545901390935
2024,131,4,KAN,TE,TE,TE,TCU,Jared Wiley,0.7826086956521738,1.0,0.0,1.7027477323329825,2.4397757,2.575753974684084,2.1103330871184096,1.6448272859638082,1.462064734584231,1.8242458872981546
2024,132,4,DET,SAF,DB,DB,Utah,Sione Vaki,0.811432024041181,1.0,1.0,2.5681911769774324,3.4614685,3.4224982043590084,2.19928912657653,2.1486423028253703,3.321838383110006,2.405835662452744
2024,133,4,KAN,DB,DB,DB,Washington St.,Jaden Hicks,0.7828767123287672,1.0,4.0,2.081971273466197,3.7707062,3.538881184900257,2.0305256423776785,2.1109346751776608,2.050849944977715,2.491356678701061
2024,134,4,NYJ,RB,RB,RB,Wisconsin,Braelon Allen,0.6928370292096044,1.0,4.0,2.4358118956401453,2.8410716,2.8458315464869592,2.800836623414577,4.652211263007025,3.4532337980352112,2.7413725054971794
2024,135,4,SFO,WR,WR,WR,Arizona,Jacob Cowing,0.7344278763241544,1.0,0.0,2.135950169401559,3.0326643,3.1162244476536785,1.8251458372076772,3.1602096980420744,2.457532852804857,1.8065840878169108
2024,136,5,SEA,CB,DB,DB,Auburn,Nehemiah Pritchett,0.8074455205811137,1.0,2.0,1.886658862006167,2.7735198,2.085998191596165,2.2131318171527803,1.5147205859184802,1.8363540726455099,0.9255252977932252
2024,137,5,LAC,DB,DB,DB,Maryland,Tarheeb Still,0.8027944311789686,1.0,10.0,2.8841924190749433,2.1583269,2.11334660645016,2.5631671702930405,1.3032778049533835,1.6559211950878925,1.048328974432558
2024,138,5,ARI,DE,DL,DL,Clemson,Xavier Thomas,0.8489993935718617,1.0,1.0,2.3667937417728604,2.3232365,2.487975752171535,1.9242103856397417,1.6051866728090705,1.1116678128161166,0.4630707495786155
2024,139,5,WAS,LB,LB,LB,Temple,Jordan Magee,0.833941605839416,1.0,4.0,1.8267598685112565,2.7259908,2.207810324277936,2.5173984182910703,1.6746999004053036,1.9742493526659617,1.0161290986452272
2024,140,5,LAC,CB,DB,DB,Notre Dame,Cam Hart,0.7443064182194616,1.0,6.0,2.1842403924314002,1.9748546,1.953190030774772,1.6481544700903894,1.6897993710262158,1.2003002507773868,1.3661572105362851
2024,141,5,BUF,OL,OL,OL,Georgia,Sedrick Van Pran-Granger,0.8415300546448088,1.0,4.0,3.2507966831238924,2.4441655,2.3625948697016472,1.589901894138906,2.079180811709333,1.5315967586321344,1.3388638661033467
2024,142,5,IND,WR,WR,WR,Oregon St.,Anthony Gould,0.7062914585940061,1.0,0.0,2.412085768518494,4.454867,3.058766331774767,2.533321278482246,2.6926162246578325,1.9786565815589772,1.3627635487888239
2024,143,5,ATL,LB,LB,LB,Notre Dame,JD Bertrand,0.7992700729927008,1.0,3.0,1.853225866998565,2.6371188,2.18557769540341,2.058755118499352,1.5336526309427898,1.4551329191584355,1.0073351374262358
2024,144,5,CHI,DL,DL,DL,Kansas,Austin Booker,0.5272435897435898,1.0,5.0,1.1337836395394705,3.2417772,2.6907938836646776,2.269785069022641,1.7889925091396757,1.8677133138222288,1.409665764457761
2024,145,5,DEN,DB,DB,DB,Missouri,Kris Abrams-Draine,0.7606272415400716,1.0,2.0,1.9198911164036092,2.915231,2.516423434000287,2.500015392924981,1.2728742498168244,2.4664087670714716,1.1470520961635728
2024,146,5,TEN,DB,DB,DB,Louisville,Jarvis Brownlee,0.8577054794520548,1.0,7.0,2.932047087465375,2.6183329,2.3397356731846948,1.9190699076223505,1.5703226026950488,1.793851852646182,0.86704325302539
2024,147,5,DEN,RB,RB,RB,Notre Dame,Audric Estime,0.654323567700926,1.0,4.0,1.3823186451476956,3.0211496,2.7680310167928304,3.075297064848237,2.554303600426252,2.018762784844618,1.7217743529088256
2024,148,5,LVR,LB,LB,LB,Ohio St.,Tommy Eichenberg,0.827007299270073,1.0,2.0,2.3176896532995896,2.089945,2.083698339197219,2.5181659274477246,1.522532770528004,1.248843943360105,1.2018333815288549
2024,149,5,CIN,CB,DB,DB,TCU,Josh Newton,0.8486542443064182,1.0,3.0,1.5492918898371881,2.3064978,2.1640427988416833,2.2615144409136128,1.6534225731099013,1.3808108376807355,0.7041399421156092
2024,150,5,NOR,QB,QB,QB,South Carolina,Spencer Rattler,0.7901922450309549,1.0,6.0,1.665496407465444,1.6140637,1.6019466318021345,0.5907900495870014,0.6606737071097442,0.5382361547453193,0.9595729592304019
2024,151,5,IND,DB,DB,DB,Missouri,Jaylon Carlies,0.8079205530281851,1.0,3.0,2.268894424079321,2.742746,2.6231631137572697,1.8220786209093613,1.5458830586362353,1.573826907321962,1.0108087253562397
2024,152,5,PHI,WR,WR,WR,Texas A&M,Ainias Smith,0.7854106415325579,1.0,0.0,1.5165414895863463,2.394076,2.4214725761696765,2.089715065166101,3.924480224719608,1.7712769573847518,0.9981311989605929
2024,153,5,JAX,CB,DB,DB,Mississippi,Deantre Prince,0.805175983436853,1.0,0.0,3.1151506023491335,2.5649054,2.1748745106273795,2.474758399386697,1.686019652701401,1.4122600631353888,1.0111200090907553
2024,154,5,LAR,DE,DL,DL,Washington St.,Brennan Jackson,0.9038811400849,1.0,1.0,1.7137787175984909,1.6603771,1.8373399699317008,1.9231756721973639,1.5073531120647055,0.9928963315386622,0.6729482046276212
2024,155,5,PHI,LB,LB,LB,Clemson,Jeremiah Trotter Jr.,0.8594890510948906,1.0,4.0,1.7149726202798652,3.0188224,2.7406704399956703,2.386549037060881,1.4409778446286574,2.021949627083385,1.332424052142826
2024,156,5,CLE,WR,WR,WR,Louisville,Jamari Thrash,0.7032912034788009,1.0,1.0,2.1434503146113197,2.4595098,2.2644158127554235,2.2985172153005347,1.4205790738703163,1.9971575501288017,1.12588473319228
2024,157,5,CAR,DB,DB,DB,Washington St.,Chau Smith-Wade,0.7823630136986301,1.0,5.0,2.291745946872041,2.595475,2.3590787970251252,2.005594673374862,1.5482000667530254,1.5816303569237442,1.1360128460215304
2024,158,5,MIA,DL,DL,DL,Colorado St.,Mohamed Kamara,0.9150641025641026,1.0,0.0,1.9489961864199963,2.38839,2.143277173858024,1.8618195887086815,1.447041243769545,1.2378179960652902,0.6383629693180863
2024,159,5,KAN,OL,OL,OL,Penn St.,Hunter Nourzad,0.5,0.0,2.0,0.7680856376178905,2.0670466,2.2601143758029942,1.6635559835456586,1.8477828300599544,1.7858633599288807,1.3527099004538867
2024,160,5,BUF,LB,LB,LB,Washington,Edefuan Ulofoshio,0.8381386861313869,1.0,1.0,1.642726488892795,2.431459,2.1021480788297886,1.8820843416194417,1.4440518763674088,1.461785924433544,0.684989096406083
2024,161,5,WAS,CB,DB,DB,Washington,Dominique Hampton,0.7168650793650793,1.0,0.0,1.4176076361183851,2.4496648,2.1640216073882335,2.2711028294611264,1.331201662587201,1.6020782457634226,0.7874378896755799
2024,162,5,ARI,OL,OL,OL,Texas,Christian Jones,0.8542805100182149,1.0,1.0,4.013476247890253,1.9139088,2.381136573221391,1.5928184086458426,1.542665489042231,1.96351714089279,1.3313778584122358
2024,163,5,GNB,OL,OL,OL,Duke,Jacob Monk,0.8378870673952642,1.0,2.0,2.7824158914397135,2.0783088,2.227672090490052,1.5652665028405164,1.6571587970973036,2.3054019052723964,1.5237038540942673
2024,164,5,IND,SAF,DB,DB,Auburn,Jaylin Simpson,0.804539758718281,1.0,0.0,2.4540477901368885,2.470033,2.238877368541267,1.3648324473269748,1.693708997893733,1.1224568827089736,0.9573154721423469
2024,165,5,BAL,RB,RB,RB,Marshall,Rasheen Ali,0.7677397069971303,1.0,1.0,2.2955412216775573,2.33982,2.4132101344033527,1.7730574474041432,2.2703029989264443,1.2304037319513297,1.4020059703574614
2024,166,5,NYG,RB,RB,RB,Purdue,Tyrone Tracy Jr.,0.7308523451835653,1.0,14.0,2.2437267870633084,2.4595098,2.130600909451487,2.162034461051574,1.4259206388773868,2.6684947999659268,0.7256784243142519
2024,167,5,JAX,RB,RB,RB,Texas,Keilan Robinson,0.6841653313555289,1.0,0.0,2.987672180698577,2.1916912,2.1794716072022178,1.9552505758672365,1.4875999291322288,2.042567628723428,1.40767074620428
2024,168,5,BUF,DE,DL,DL,Troy,Javon Solomon,0.89417828987265,1.0,4.0,1.837775231537193,2.181827,2.0140998130910632,1.7417976674138684,1.3136949438792889,1.4971777455814026,0.6877127330811773
2024,169,5,GNB,DB,DB,DB,Oregon St.,Kitan Oladapo,0.7700906987377825,1.0,2.0,2.300389860026515,2.153672,1.9793014547123544,1.7633803088475244,1.3562357395487175,1.3881579111004139,0.7806347851290348
2024,170,5,NOR,WR,WR,WR,Pittsburgh,Bub Means,0.6399238739423992,1.0,0.0,1.439191265204634,1.8607767,1.8583985299781014,0.9011514798692426,0.8435760862231944,1.4954242421394144,1.5989427005103938
2024,171,5,NYJ,QB,QB,QB,Florida St.,Jordan Travis,0.709738514173998,1.0,0.0,1.5709781751636978,1.6019174,1.3964756374512568,1.098903135700624,1.957777686484707,0.7306088768917126,0.6424584167749023
2024,172,5,PHI,OL,OL,OL,Michigan,Trevor Keegan,0.8378870673952642,1.0,0.0,2.6207825693709785,1.6311803,1.8681446899725849,1.35570143522563,1.421055381598784,1.5926625419309295,1.4478076860704368
2024,173,5,NYJ,RB,RB,RB,South Dakota St.,Isaiah Davis,0.6008613003415916,1.0,5.0,1.484784561633595,2.431421,2.7598136217334552,1.9759962731340948,2.644963259895125,1.674028647922211,1.7278921125594635
2024,174,5,DAL,DB,DB,DB,Wake Forest,Caelen Carson,0.7796232876712329,1.0,2.0,1.8259070130367014,2.184318,1.9622693062127015,2.0605495775942235,1.1315083141517333,1.3936238107485492,0.9771259719189358
2024,175,5,NOR,LB,LB,LB,Texas,Jaylan Ford,0.8600364963503649,1.0,2.0,2.035363478282312,2.0106184,1.9353996995348097,1.595199034774862,1.322992368861539,1.6400782730904633,0.959052452331146
2024,176,5,NYJ,CB,DB,DB,nan,Qwan'tez Stiggers,0.5,0.0,3.0,0.4605603263652213,1.9253051,2.490050680748406,1.8368689561144365,1.469286625050794,1.486382761425234,1.4510790673045568
2024,177,6,MIN,OL,OL,OL,Oklahoma,Walter Rouse,0.8743169398907105,1.0,0.0,2.5125002988577854,1.4160928,1.7121406514146507,1.41702787054148,1.2879240649854828,1.5125297135927074,1.287881381291578
2024,178,6,PIT,DL,DL,DL,Iowa,Logan Lee,0.7548076923076923,1.0,0.0,1.6883027482628086,1.60656,1.77593625373564,1.394600816185712,1.237379738022144,1.302016903221332,0.7936118437398494
2024,179,6,SEA,OL,OL,OL,Utah,Sataoa Laumea,0.5,0.0,0.0,0.811995348778731,1.4379051,1.6934113750775592,1.11133642685612,1.4447582197554025,1.2914363997438214,1.2299625396937075
2024,180,6,NWE,DB,DB,DB,South Carolina,Marcellas Dial,0.7583904109589042,1.0,0.0,1.873773997785117,1.7473176,1.7283413983825457,1.2174267222049657,1.2620409712826923,1.1360828711271327,1.0963776995141994
2024,181,6,LAC,RB,RB,RB,Troy,Kimani Vidal,0.7256300741335594,1.0,7.0,2.109592496260035,1.3473948,1.7907673916492306,1.7653678648633464,3.16772742765281,0.7796948973790339,0.9855405829302079
2024,182,6,TEN,WR,WR,WR,Tulane,Jha'Quan Jackson,0.7902627528116499,1.0,0.0,3.000133289404116,1.6122503,2.177236269307043,1.6460405673782126,2.2232756210809224,0.9012490592299098,0.717118552654052
2024,183,6,NYG,LB,LB,LB,UCLA,Darius Muasau,0.9399635036496349,1.0,8.0,1.4273590648330043,1.4447823,1.6048212542490283,1.305256722576971,1.1619698134521252,1.0897660932746942,0.2959860066295332
2024,184,6,MIA,WR,WR,WR,Virginia,Malik Washington,0.6915752714005142,1.0,7.0,1.31862499715247,1.4451042,1.5963873401654949,1.2976818971553639,0.8811549922794996,1.402817885486984,0.7240446745411819
2024,185,6,PHI,WR,WR,WR,Florida St.,Johnny Wilson,0.592736733612266,1.0,0.0,1.1527913817486295,1.486581,1.4972467604660418,0.9414150692600858,0.9761545712579893,0.7967983792284091,1.0286134275011627
2024,186,6,ATL,RB,RB,RB,Alabama,Jase McClellan,0.6758278511159864,1.0,0.0,1.9864153538855651,1.6040708,1.696188156416667,1.1349878850524409,1.7453813785490597,1.220202794937204,1.0059794024050444
2024,187,6,ATL,WR,WR,WR,Illinois,Casey Washington,0.5799373789360546,1.0,1.0,1.4072459535885613,1.5712509,1.4888263226676632,1.0133750132450485,0.7311518527516736,0.8354336788033333,0.7782350134428937
2024,188,6,HOU,LB,LB,LB,Oregon,Jamal Hill,0.7565693430656935,1.0,2.0,1.8471104827169447,1.2989931,1.68220099040421,1.4595360661576335,1.055917332551687,1.2390839046672317,0.5313784277208183
2024,189,6,DET,DT,DL,DL,LSU,Mekhi Wingo,0.8373397435897436,1.0,1.0,2.2009700439793227,1.9451625,2.013538984835068,1.3207820151193346,1.2216459733992457,1.331000748899172,1.0897896352030056
2024,190,6,PHI,OL,OL,OL,North Carolina St.,Dylan McMahon,0.5,0.0,0.0,0.8202916251288443,1.3375432,1.5829259976131071,0.711966341349729,1.4135957353248598,1.0032713951213292,0.9706042007389214
2024,191,6,ARI,WR,WR,WR,Ala-Birmingham,Tejhaun Palmer,0.6059344185181876,1.0,0.0,1.8470634039293579,1.9427142,1.8647415469824247,0.8480531986278872,0.7471933445720731,0.5919118574512947,1.2216164438420465
2024,192,6,SEA,CB,DB,DB,Auburn,D.J. James,0.8078674948240164,1.0,0.0,1.6858118442944625,1.5865974,1.4339808719128964,1.297948009837764,1.0685672785811058,0.9023898868024048,0.5565973146535278
2024,193,6,NWE,QB,QB,QB,Tennessee,Joe Milton,0.5635141739980449,1.0,2.0,0.7812610512557224,1.1845489,1.114417151688781,0.6584628072558428,0.2960724100393114,0.4897302967501826,0.4052314238663974
2024,194,6,CIN,TE,TE,TE,Arizona,Tanner McLachlan,0.7457093821510297,1.0,0.0,1.133496599348906,1.2438945,1.530300676250861,0.7518973903276335,0.727044101759673,0.717848962659275,1.129179784478698
2024,195,6,PIT,SAF,DB,DB,Texas,Ryan Watts,0.8219106162360816,1.0,0.0,1.8343236788801758,1.6827303,1.533494615504656,1.1678446969447136,1.0661130448652554,1.2086310348806013,0.7046978814411742
2024,196,6,LAR,DT,DL,DL,Clemson,Tyler Davis,0.8521634615384615,1.0,3.0,2.007558139987407,1.0424803,1.5202957683582567,1.4171969154564148,1.0740225493159368,0.7180352233990878,0.4479374212829421
2024,197,6,ATL,DL,DL,DL,Georgia,Zion Logue,0.5721153846153846,1.0,0.0,1.7098240886541654,1.60656,1.5948932941690253,1.252057134188971,1.0318743362313876,1.3588011956062165,0.8827861170216561
2024,198,6,MIA,DB,DB,DB,California,Patrick McMorris,0.8448630136986301,1.0,0.0,1.5933078204830113,1.6809605,1.6094357026174755,1.2044547979330253,1.0747718301759546,1.2127784399806092,0.2883544128420373
2024,199,6,NOR,DL,DL,DL,Northern Iowa,Khristian Boyd,0.44711538461538464,1.0,0.0,0.8999052755095873,1.6353334,1.5043557741121283,0.9132909884031548,1.0858309740221292,1.2383191771697586,1.2158639574232624
2024,200,6,CAR,DT,DL,DL,Mississippi St.,Jaden Crumedy,0.8193108974358975,1.0,0.0,2.973926973368774,1.5677425,1.6976643630161563,1.1664138743910992,1.2534509723802332,0.9266434845915182,0.5389550493882193
2024,201,6,IND,CB,DB,DB,Marshall,Micah Abraham,0.8540372670807453,1.0,0.0,2.0165665796962777,1.6476018,1.859940353060365,1.3393407818288618,1.2155868797530374,0.6472306266442884,0.645200431760346
2024,202,6,GNB,OT,OL,OL,Georgia St.,Travis Glover,0.7617798930472967,1.0,0.0,1.8587359205634983,1.7038747,1.517249345580867,1.0245646907809438,1.1683543543079145,1.162789024662325,1.2878577896874472
2024,203,6,MIN,K,ST,K,Alabama,Will Reichard,0.8480000000000002,1.0,8.0,2.3089664220420074,1.9959595,2.0289321392021744,1.4312657554474457,1.8798571387706295,1.6967410666168055,0.6508119443344381
2024,204,6,BUF,OL,OL,OL,Central Florida,Tylan Grable,0.8797814207650273,1.0,2.0,2.970557306851666,1.307718,1.4471037756587224,0.9539234783632886,1.1368089757763344,0.999866970666567,1.173412133014742
2024,205,6,HOU,RB,RB,RB,Louisville,Jawhar Jordan,0.7404318527325111,1.0,0.0,1.631467307049732,1.2768706,1.6149557730767123,0.9601148507952701,1.1908389048845327,0.6878277176749776,0.6640659787591783
2024,206,6,CLE,LB,LB,LB,Mississippi St.,Nathaniel Watson,0.8748175182481752,1.0,0.0,2.3256055308586436,1.6846639,1.6310097338491825,1.1541598703075417,1.1677455713425071,1.5884578199555788,0.2225242704522373
2024,207,6,SEA,OT,OL,OL,Findlay,Michael Jerrell,0.5,0.0,2.0,0.5497655857017124,1.8194834,1.618685989253516,0.8427384709180505,1.12368917801883,0.8799192138991377,1.2299625396937075
2024,208,6,LVR,RB,RB,RB,New Hampshire,Dylan Laube,0.7892804734011037,1.0,0.0,1.6833713559280983,1.2757199,1.8227778310535048,0.9152257844771314,1.941568360116657,1.2936749501733544,1.0071331842976192
2024,209,6,LAR,K,ST,K,Stanford,Joshua Karty,0.6586666666666667,1.0,2.0,2.0102715065999464,1.261205,1.5780037860702059,1.541545167358763,1.2634359287683314,1.0779761394112362,1.2141771995283253
2024,210,6,DET,OL,OL,OL,Boston Col.,Christian Mahogany,0.8378870673952642,1.0,6.0,2.701745441246586,1.3012578,1.460552525464939,0.9285296294361167,0.999809158842404,0.8988450671950884,1.0957657648957608
2024,211,6,KAN,DB,DB,DB,Tennessee,Kamal Hadden,0.7898972602739727,1.0,0.0,1.6990061256190618,1.6924932,1.7826718351111868,1.2064227732184636,1.098613440517187,0.994655494854455,1.316696089304386
2024,212,6,JAX,K,ST,K,Arkansas,Cam Little,0.6426666666666667,1.0,9.0,2.576939236868808,1.8533947,1.8660524826541678,1.6545621244011604,1.3527476232820919,1.4977090241562856,1.245565266816535
2024,213,6,LAR,WR,WR,WR,Texas,Jordan Whittington,0.6379118485575399,1.0,5.0,1.7441997528208004,1.1196792,1.462337191895711,1.0471956445685675,0.6417165164032903,0.6840139716629974,0.6865627147310805
2024,214,6,CIN,DE,DL,DL,Mississippi,Cedric Johnson,0.8237113402061855,1.0,2.0,1.6581075077919354,1.4113497,1.5273072963950025,1.2975984788791408,0.9021245697255476,0.7903170949320905,0.9368844296612981
2024,215,6,SFO,OL,OL,OL,USC,Jarrett Kingston,0.7668488160291439,1.0,0.0,2.427073136046946,1.2347393,1.4337377538795464,0.9417173953820926,0.8993139165688714,1.1053209253335219,1.1682902502359487
2024,216,6,DAL,WR,WR,WR,SE Missouri St.,Ryan Flournoy,0.6481303389209061,1.0,5.0,1.3674374239865206,1.6543413,1.652717434664703,1.0509092200229997,0.5473657284790757,0.7987901040862094,1.9332966677224008
2024,217,6,LAR,OL,OL,OL,Arkansas,Beaux Limmer,0.5,0.0,7.0,0.782207539849715,0.98632115,1.4222026054442178,0.8396378752460377,0.8896641035547969,0.4502350527527951,1.088386675655808
2024,218,6,BAL,QB,QB,QB,Kentucky,Devin Leary,0.6103739002932552,1.0,0.0,1.6724944345431303,1.3683331,1.043072685337308,0.5932584798421657,0.0,0.18049972068799294,0.6230061045501238
2024,219,6,BUF,CB,DB,DB,Penn St.,Daequan Hardy,0.8078633306429918,1.0,0.0,1.5984644014513765,1.5907313,1.8042281650841692,1.1749151066683006,0.9657534445143857,1.531928145576004,0.816939811456858
2024,220,6,TAM,G,OL,OL,Texas-El Paso,Elijah Klein,0.859375,1.0,2.0,2.1599963936427797,1.6293944,1.7527692145710811,0.6264011456130832,0.8351966235060169,0.8359700377823995,1.1320121181927483
2024,221,7,BUF,OT,OL,OL,nan,Travis Clayton,0.5,0.0,0.0,0.3380466550481392,1.5479945,1.4311912495887882,0.8015139940730588,1.061833097738139,0.6836825658465926,0.696918498298552
2024,222,7,WAS,DL,DL,DL,Notre Dame,Javontae Jean-Baptiste,0.7435897435897435,1.0,1.0,1.1654359472205629,1.3729919,1.4474398439101694,0.8631703295661988,0.8246897484147147,0.6822725624671232,0.4497923276266303
2024,223,7,LVR,FS,DB,FS,Air Force,Trey Taylor,0.8372454225275086,1.0,0.0,1.3468534339239697,1.2561662,1.3488965687772636,1.167304578588993,0.9589981556727312,0.9187390980914013,0.8165425093483942
2024,224,7,CIN,SAF,DB,DB,Mississippi,Daijahn Anthony,0.8124056614092271,1.0,1.0,1.6284381385765345,1.4129838,1.4749832095178197,1.093501055990107,0.8334247659578156,1.1642335821336174,0.8967990838474702
2024,225,7,LAC,WR,WR,WR,USC,Brenden Rice,0.7403278356521891,1.0,0.0,1.8304127501069327,1.2731401,1.5367305079210711,1.208415681868523,0.6791826369702748,0.5440503820565995,0.7736536319038009
2024,226,7,ARI,DB,DB,DB,Miami (FL),Jaden Davis,0.7702054794520549,1.0,0.0,2.1675577415131424,1.2872642,1.7394714026824798,1.1680317014628259,0.8742916664732592,1.0508766206711786,0.3571032289680565
2024,227,7,CLE,DB,DB,DB,South Dakota,Myles Harden,0.751027397260274,1.0,3.0,1.8159197045786613,1.6490383,1.7607264312909738,1.2128765298366866,0.843666634261709,1.1946381466812543,1.1802619979966271
2024,228,7,BAL,C,OL,OL,Michigan St.,Nick Samac,0.5,0.0,0.0,0.4499775234934028,1.6363287,1.9150461090447464,0.9833177920137419,0.7193816317488632,0.8846892546494394,0.7566261750194597
2024,229,7,LVR,DB,DB,DB,Pittsburgh,M.J. Devonshire,0.8351842451497741,1.0,0.0,1.345433888134071,1.0926492,1.4650028403549495,1.1815860920964059,0.8409630996654462,0.6837951682597778,0.5381707381613712
2024,230,7,MIN,OL,OL,OL,Wake Forest,Michael Jurgens,0.9326047358834244,1.0,2.0,2.0027030477926684,1.1920152,1.4310411873261426,0.6806490493019159,0.8340599056977441,0.7363766361780565,1.0677465352286057
2024,231,7,NWE,TE,TE,TE,Florida St.,Jaheim Bell,0.8522497975193879,1.0,0.0,0.9780795393823666,0.9195994,1.1150854440744984,0.6035601648170427,0.5910867586583005,0.8421071702963869,4.409039895060186
2024,232,7,MIN,DT,DL,DL,Texas A&M-Commerce,Levi Drake Rodriguez,0.6169871794871795,1.0,3.0,1.5333610467635579,1.5204691,1.6836732178926985,0.9856997749430368,0.8572277049755821,0.7782441286979582,0.6085388817202702
2024,233,7,DAL,OL,OL,OL,Louisiana,Nathan Thomas,0.5,0.0,0.0,0.601936979702045,1.2013702,1.5146418651320053,0.706072820656859,0.7981440278307709,0.8634001318896201,0.7532362328042697
2024,234,7,IND,DL,DL,DL,Oklahoma,Jonah Laulu,0.766025641025641,1.0,10.0,2.0793881136770955,1.2947484,1.5120429810566278,1.006305262538431,0.8458823801056703,0.5034813657972177,0.37366713136302493
2024,235,7,DEN,WR,WR,WR,Utah,Devaughn Vele,0.6217318558216697,1.0,6.0,1.2989055902529791,1.4093511,1.7405637688287492,0.7554839580218818,0.7261081175455625,0.7693483201498111,0.428214732818534
2024,236,7,JAX,OLB,LB,LB,Texas Tech,Myles Cole,0.7376923076923078,1.0,0.0,2.4638766819634776,1.240525,1.3931752117112035,0.8628678296109956,0.8699835866670163,0.7813628015982044,0.17638935802403335
2024,237,7,CIN,C,OL,OL,Miami (FL),Matt Lee,0.5,0.0,2.0,0.39352693246471165,1.4586692,1.7205856982183216,0.6233742436079462,0.8203371529523352,0.8701668354041417,0.6322589792256748
2024,238,7,HOU,DE,DL,DL,USC,Solomon Byrd,0.8323226197695572,1.0,0.0,1.3676547787859652,1.0254486,1.418754947165162,0.9376013568349083,0.7218318003648513,0.9847417800814209,0.1158083375411013
2024,239,7,NOR,OT,OL,OL,Eastern Kentucky,Josiah Ezirim,0.7633277185920854,1.0,0.0,1.3922812585296096,1.5731566,1.4698480577253095,0.9304903061318484,0.703195864141643,1.125319923445306,0.7001553646736837
2024,240,7,CAR,LB,LB,LB,Michigan,Michael Barrett,0.8528619528619529,1.0,0.0,2.100014579780552,1.3371046,1.406985643067641,1.0453252317065098,0.81781853767561,1.037926800382719,0.45415541633501494
2024,241,7,MIA,WR,WR,WR,USC,Tahj Washington,0.7438934832697699,1.0,0.0,1.361739720861048,1.1962208,1.1409563671815446,1.0086663683679562,0.5598756328516535,0.7043985708129229,0.48116345659042936
2024,242,7,TEN,SAF,DB,DB,Miami (FL),James Williams,0.826931069936342,1.0,3.0,2.7599160582308904,1.6381137,1.5865465116238309,1.2081600112128237,0.8048909527174855,1.0382298903269795,0.9215349743184142
2024,243,7,CLE,DE,DL,DL,Cincinnati,Jowon Briggs,0.7516676773802304,1.0,5.0,1.9805351035281669,1.2191005,1.408955715617705,0.9154727637475625,0.8658591170074146,0.664805575156641,0.2654221574681231
2024,244,7,DAL,DL,DL,DL,Auburn,Justin Rogers,0.5176282051282052,1.0,0.0,0.8145453951165496,1.3372452,1.4357060903767833,1.1110831745186005,0.6861883938343142,0.549989408832587,0.6416667095085749
2024,245,7,GNB,QB,QB,QB,Tulane,Michael Pratt,0.7336405529953917,1.0,0.0,1.5769060684517617,0.9006571,1.0452534787663958,0.4512346407604481,0.44003280661576605,0.24935523966103085,0.6894220117384293
2024,246,7,TAM,TE,TE,TE,Washington,Devin Culp,0.6848627940128296,1.0,1.0,0.8924556471254436,0.90531415,1.1069370131661154,0.17710673827764908,0.44659330294895183,0.7300461692957206,0.5575164368917734
2024,247,7,HOU,DL,DL,DL,Auburn,Marcus Harris,0.8060897435897435,1.0,0.0,1.5763740089431328,1.0018562,1.263506756879697,0.8110984046768852,0.6787689279347864,0.506315268092229,0.1531892847187907
2024,248,7,KAN,G,OL,OL,Holy Cross,C.J. Hanson,0.5,0.0,0.0,0.4551779717599258,1.602824,1.7989918855850255,0.7719473805501743,0.8072320093939443,0.6797164862356483,0.7134160086533701
2024,249,7,HOU,OL,OL,OL,Michigan,LaDarius Henderson,0.5,0.0,0.0,0.6479301861312132,1.0985708,1.5906989535396183,1.284349559914399,0.5829120896911973,0.42997537513737877,1.0879725799203246
2024,250,7,BAL,SAF,DB,DB,Purdue,Sanoussi Kane,0.8284076739658301,1.0,1.0,2.555892288497819,1.275455,1.4231509376396934,1.225695742268712,0.6929324407486595,0.5099428376833917,0.4885738821804109
2024,251,7,SFO,LB,LB,LB,Florida St.,Tatum Bethune,0.8656934306569342,1.0,5.0,1.765983551086419,1.2272339,1.3882817489670545,1.2353974502093599,0.8868348614081699,1.0180903959614989,0.07986755994960247
2024,252,7,TEN,DE,DL,DL,Michigan,Jaylen Harrell,0.7383262583383869,1.0,3.0,2.5863315370088618,1.5275254,1.7159706645579016,0.8626436497000336,0.6423511728524256,0.5824946979662884,0.5126344220513931
2024,253,7,LAC,WR,WR,WR,Michigan,Cornelius Johnson,0.666256182043111,1.0,0.0,2.1434725539296697,1.0940827,1.3367659880432687,0.9084696280197636,0.3967979538730213,0.5102230324524987,0.5034355734990241
2024,254,7,LAR,OL,OL,OL,Kansas St.,KT Leveston,0.8378870673952642,1.0,0.0,3.400670423588968,0.8259148,1.1283777088613693,0.6266115930294477,0.7031934277021585,0.36736882057682,0.8338838020668239
2024,255,7,GNB,CB,DB,DB,Penn St.,Kalen King,0.737888198757764,1.0,0.0,1.6105049550970671,1.6109753,1.6419726374978514,1.0846462244833142,0.6545695320683986,0.8464482059174352,1.0729686976637378
2024,256,7,DEN,OL,OL,OL,South Carolina,Nick Gargiulo,0.5,0.0,0.0,1.019175909217064,1.2176225,1.5881923341056985,0.5641132819835101,0.726165939356398,1.01815920161941,0.6878371743243957
2024,257,7,NYJ,SAF,DB,DB,Alabama,Jaylen Key,0.8366219674928357,1.0,0.0,2.3548422394840083,1.1607634,1.2582760255247976,1.1151424124640277,0.8305657027207961,0.7964280741363204,0.26923054324920687
