test_year,model_type,model,n_train,n_test,cfb_match_rate,mae,rmse,spearman,r2
2007,spline,Spline Ridge,7814,255,0.0001279754287176,3.7550901488109423,6.144780447977567,0.4210492845946254,-0.3496576964726055
2007,xgb,XGBoost,7814,255,0.0001279754287176,2.8976774178865345,4.3924188517079585,0.489039016266987,0.3103664381581846
2007,catboost,CatBoost,7814,255,0.0001279754287176,2.9214430158931597,4.311885936111789,0.513578784719193,0.3354228228062812
2007,rf,Random Forest,7814,255,0.0001279754287176,2.753880112975226,4.0901030117433965,0.5828960501557391,0.4020300119726682
2007,ftt,FT-Transformer,7814,255,0.0001279754287176,3.218740070932636,4.9667197007997546,0.4561417651195912,0.1182403987100796
2007,stack,Stacked Ensemble,7814,255,0.0001279754287176,2.9214430158931597,4.311885936111789,0.513578784719193,0.3354228228062812
2007,pick_bin,Pick-Bin Baseline,7814,255,0.0001279754287176,3.4311225776860454,5.488363997708649,0.5084516066726817,-0.0767049478063282
2008,spline,Spline Ridge,8069,252,0.0001239310943115,3.9979810034439622,6.648737631056624,0.4737635733725704,-0.3409779946228137
2008,xgb,XGBoost,8069,252,0.0001239310943115,3.352828180074871,5.064522479488666,0.4491113050458334,0.2219271404854796
2008,catboost,CatBoost,8069,252,0.0001239310943115,3.4455553759386164,4.998766308120719,0.4959619500432886,0.2420004839137962
2008,rf,Random Forest,8069,252,0.0001239310943115,3.007515473074501,4.835017188058811,0.6013968887733482,0.2908480442235781
2008,ftt,FT-Transformer,8069,252,0.0001239310943115,3.9765732444468,6.0890041187037465,0.0601271157291682,-0.124697671517407
2008,stack,Stacked Ensemble,8069,252,0.0001239310943115,3.4455553759386164,4.998766308120719,0.4959619500432886,0.2420004839137962
2008,pick_bin,Pick-Bin Baseline,8069,252,0.0001239310943115,3.5470492498530595,5.920712400774213,0.5668079504524661,-0.0633866205827138
2009,spline,Spline Ridge,8321,256,0.0002403557264751,3.78669764939104,6.04163610020599,0.4864398161259333,-0.3517191342221644
2009,xgb,XGBoost,8321,256,0.0002403557264751,3.011426206099486,4.385704999809806,0.5580000547958133,0.2877111160904719
2009,catboost,CatBoost,8321,256,0.0002403557264751,3.010206259556166,4.203112670819085,0.5801412733911194,0.3457866547120403
2009,rf,Random Forest,8321,256,0.0002403557264751,2.8447474473282894,4.27703320274897,0.6004178597034174,0.3225728812883408
2009,ftt,FT-Transformer,8321,256,0.0002403557264751,3.5462758304638555,5.024901439037015,0.4274315744568074,0.0649551764584474
2009,stack,Stacked Ensemble,8321,256,0.0002403557264751,3.010206259556166,4.203112670819085,0.5801412733911194,0.3457866547120403
2009,pick_bin,Pick-Bin Baseline,8321,256,0.0002403557264751,3.383037902605291,5.32945277996158,0.5524055229850492,-0.0518227793992196
2010,spline,Spline Ridge,8577,255,0.0003497726477789,3.713501304194871,5.426238324144344,0.2795074343520042,-0.0526374511153102
2010,xgb,XGBoost,8577,255,0.0003497726477789,3.0754080019176793,4.471349594399101,0.5347317122936797,0.2852431237827383
2010,catboost,CatBoost,8577,255,0.0003497726477789,3.0450543870506985,4.384156227240103,0.557774292235216,0.312847498289724
2010,rf,Random Forest,8577,255,0.0003497726477789,3.000495227643911,4.492613572848542,0.5651469035790582,0.278428754335592
2010,ftt,FT-Transformer,8577,255,0.0003497726477789,3.3181239565505702,4.954483604219775,0.5495824604219012,0.1224378574019003
2010,stack,Stacked Ensemble,8577,255,0.0003497726477789,2.9945655585847635,4.451721178966535,0.5677973446792012,0.2915046566925278
2010,pick_bin,Pick-Bin Baseline,8577,255,0.0003497726477789,3.4998671589848063,5.405687577249371,0.5510476211146962,-0.0446792597222447
2011,spline,Spline Ridge,8832,254,0.0185688405797101,3.9756053837470753,6.636470156824603,0.3405634456184749,-0.1016160868637412
2011,xgb,XGBoost,8832,254,0.0185688405797101,3.377012238082454,5.25927781116116,0.568117745665298,0.3081559630267461
2011,catboost,CatBoost,8832,254,0.0185688405797101,3.3999163336654536,5.172638250753378,0.5856159142472109,0.3307626177755949
2011,rf,Random Forest,8832,254,0.0185688405797101,3.279310167017875,5.349345582612072,0.5895048944540281,0.2842567045068894
2011,ftt,FT-Transformer,8832,254,0.0185688405797101,3.5940678851810968,5.884997689275881,0.5628175806361725,0.1337393817744838
2011,stack,Stacked Ensemble,8832,254,0.0185688405797101,3.284663073873711,5.310637473952106,0.5968545662536885,0.2945775302063306
2011,pick_bin,Pick-Bin Baseline,8832,254,0.0185688405797101,3.7132733579672097,6.3316608580131515,0.6021940544849851,-0.0027467596053261
2012,spline,Spline Ridge,9086,253,0.034668721109399,3.887900041916048,6.180551409818959,0.4054511595185759,-0.1125986851471405
2012,xgb,XGBoost,9086,253,0.034668721109399,3.2971306374162417,5.028374669218925,0.542600525471181,0.2635566315782787
2012,catboost,CatBoost,9086,253,0.034668721109399,3.2073665245043044,4.705176992628131,0.5933259235997205,0.3551836731096141
2012,rf,Random Forest,9086,253,0.034668721109399,3.1095220525314,4.940521242417962,0.6265205271290837,0.2890654218724249
2012,ftt,FT-Transformer,9086,253,0.034668721109399,3.3730714832664477,5.265991292033121,0.5833578040526443,0.192310626391476
2012,stack,Stacked Ensemble,9086,253,0.034668721109399,3.1191674255942603,4.867534697388012,0.6197543618955782,0.3099156031856191
2012,pick_bin,Pick-Bin Baseline,9086,253,0.034668721109399,3.6722369581854912,5.892390234797136,0.5877190203825525,-0.0112699401579516
2013,spline,Spline Ridge,9339,254,0.0491487311275297,3.729709207545651,5.760025746107124,0.3256941731549332,-0.1580088121935114
2013,xgb,XGBoost,9339,254,0.0491487311275297,3.0882835272024938,4.339930591833677,0.5808431535950386,0.3426016906101147
2013,catboost,CatBoost,9339,254,0.0491487311275297,3.2006350490510256,4.423702634963706,0.5987228195093127,0.3169777265824925
2013,rf,Random Forest,9339,254,0.0491487311275297,3.0466481859985928,4.608245214895782,0.6368398230776565,0.2588021060817325
2013,ftt,FT-Transformer,9339,254,0.0491487311275297,3.1647571750043886,4.705604141809262,0.6034883341836202,0.2271525223174966
2013,stack,Stacked Ensemble,9339,254,0.0491487311275297,3.035381385857709,4.513331101681755,0.6327497474725233,0.2890199661351862
2013,pick_bin,Pick-Bin Baseline,9339,254,0.0491487311275297,3.5160310225250737,5.3817981759304026,0.626312942692814,-0.0109224223297896
2014,spline,Spline Ridge,9593,256,0.0647347023871573,3.922028401489934,6.126763918934463,0.2947938768946859,-0.1133545167069036
2014,xgb,XGBoost,9593,256,0.0647347023871573,3.356183079769835,4.744763205896855,0.5924574430045089,0.3322709520401812
2014,catboost,CatBoost,9593,256,0.0647347023871573,3.367293734254906,4.656026169643955,0.631720743959936,0.3570132723615448
2014,rf,Random Forest,9593,256,0.0647347023871573,3.2740691711307743,4.887378624510825,0.6169133680725093,0.2915272457014111
2014,ftt,FT-Transformer,9593,256,0.0647347023871573,3.4168284807819873,4.9804551664315095,0.5948002264149715,0.264285605757405
2014,stack,Stacked Ensemble,9593,256,0.0647347023871573,3.2657217656604502,4.8405745251222685,0.6211363307036961,0.3050316846673668
2014,pick_bin,Pick-Bin Baseline,9593,256,0.0647347023871573,3.6257893908913097,5.721506274709471,0.6166974978940707,0.0290610125468855
2015,spline,Spline Ridge,9849,256,0.0790943242968829,3.907983794231246,5.886173648567572,0.2458571848118836,-0.1258799033148923
2015,xgb,XGBoost,9849,256,0.0790943242968829,3.2268473002068276,4.594286558592556,0.5756599970946156,0.3140979724226962
2015,catboost,CatBoost,9849,256,0.0790943242968829,3.2421697690834312,4.543974308914028,0.5873027356974897,0.3290384064950968
2015,rf,Random Forest,9849,256,0.0790943242968829,3.1646243453336633,4.69422558444633,0.6002860240115645,0.2839327041527653
2015,ftt,FT-Transformer,9849,256,0.0790943242968829,3.1581159936613403,4.72766918571183,0.5888893286890176,0.2736932403933129
2015,stack,Stacked Ensemble,9849,256,0.0790943242968829,3.136346882268307,4.6259072233880865,0.5999123618698418,0.304623894071959
2015,pick_bin,Pick-Bin Baseline,9849,256,0.0790943242968829,3.519697451655406,5.437378452309786,0.5776001912931042,0.0392618188671963
2016,spline,Spline Ridge,10105,253,0.0920336467095497,4.045906208255142,6.0705021462593765,0.3241149022011232,-0.1544037164658529
2016,xgb,XGBoost,10105,253,0.0920336467095497,3.361070516316787,4.998166699395112,0.4965850815696027,0.2174178179488409
2016,catboost,CatBoost,10105,253,0.0920336467095497,3.382509166056741,4.943962872465648,0.4836450979659938,0.2342995829709162
2016,rf,Random Forest,10105,253,0.0920336467095497,3.407877406082027,5.183779040037549,0.5043073237829234,0.1582144916483659
2016,ftt,FT-Transformer,10105,253,0.0920336467095497,3.5613690507506193,5.362480402526232,0.4780309391155048,0.0991760620391929
2016,stack,Stacked Ensemble,10105,253,0.0920336467095497,3.4047546950883483,5.139853618362268,0.5034926746189816,0.1724200060386411
2016,pick_bin,Pick-Bin Baseline,10105,253,0.0920336467095497,3.778827958562855,5.7530115033988745,0.5048148063642343,-0.0368094981552264
2017,spline,Spline Ridge,10358,253,0.1056188453369376,3.932232938678686,6.07519609663397,0.3972331006837603,-0.0797871269320698
2017,xgb,XGBoost,10358,253,0.1056188453369376,3.495575720613653,5.109612876764575,0.5298065693912967,0.2361755794105489
2017,catboost,CatBoost,10358,253,0.1056188453369376,3.5085919536207664,5.00406274518429,0.550225095588283,0.267406540079408
2017,rf,Random Forest,10358,253,0.1056188453369376,3.4038425370235337,5.198343261310016,0.5752120414891239,0.2094170359672259
2017,ftt,FT-Transformer,10358,253,0.1056188453369376,3.4677481273181825,5.1519372094741,0.5509173226777957,0.2234692347037429
2017,stack,Stacked Ensemble,10358,253,0.1056188453369376,3.4025504873034196,5.077056067328451,0.571187693483173,0.2458782564053868
2017,pick_bin,Pick-Bin Baseline,10358,253,0.1056188453369376,3.7703352270125383,5.8836022578162686,0.5410252568388002,-0.0127544402724637
2018,spline,Spline Ridge,10611,256,0.1223258882291961,3.7172927815993217,5.664739347715719,0.5137365547839972,0.0394086264164192
2018,xgb,XGBoost,10611,256,0.1223258882291961,3.0093151540495455,4.557365652051844,0.6941820782178594,0.3782632065595155
2018,catboost,CatBoost,10611,256,0.1223258882291961,2.8702096720256196,4.357538575586917,0.7068971485717814,0.4315905360628106
2018,rf,Random Forest,10611,256,0.1223258882291961,2.9195163566364855,4.549308904037399,0.7058662553137139,0.3804595407212416
2018,ftt,FT-Transformer,10611,256,0.1223258882291961,3.088009348255582,4.695639124866624,0.6822953821217943,0.3399630564338549
2018,stack,Stacked Ensemble,10611,256,0.1223258882291961,2.928415867114166,4.504422629028024,0.7102250268780108,0.3926247615745251
2018,pick_bin,Pick-Bin Baseline,10611,256,0.1223258882291961,3.611328125,5.5631652645817224,0.6748475448236227,0.0735483849120723
2019,spline,Spline Ridge,10867,254,0.1402410968988681,3.5784481938324193,5.243873242748002,0.4652477504363941,0.0346902262925871
2019,xgb,XGBoost,10867,254,0.1402410968988681,2.9957798928257047,4.267374051880267,0.6157991835486334,0.3607308343352868
2019,catboost,CatBoost,10867,254,0.1402410968988681,2.9100878353481976,4.059557320647153,0.6156637624473065,0.4214782529573116
2019,rf,Random Forest,10867,254,0.1402410968988681,2.977731701978842,4.303903107510901,0.6108924008414892,0.3497396038169764
2019,ftt,FT-Transformer,10867,254,0.1402410968988681,3.1292901993032514,4.503538512743462,0.6085269960001805,0.2880162278411518
2019,stack,Stacked Ensemble,10867,254,0.1402410968988681,2.9743096772990563,4.29532558052749,0.6182144412129581,0.3523289130785209
2019,pick_bin,Pick-Bin Baseline,10867,254,0.1402410968988681,3.524081541601859,5.1736402575651175,0.6002097918796376,0.0603745144111418
2020,spline,Spline Ridge,11121,255,0.1580793094146209,3.813441251459167,5.774754727199845,0.4227510859192543,0.0027748388071849
2020,xgb,XGBoost,11121,255,0.1580793094146209,3.1231090814459557,4.7401334204291885,0.5849349722067806,0.3280959273614592
2020,catboost,CatBoost,11121,255,0.1580793094146209,3.1809345052671554,4.692288937192095,0.580769816299803,0.3415911871363152
2020,rf,Random Forest,11121,255,0.1580793094146209,3.248154005039467,4.993722600530206,0.5664465900486879,0.2542814108822288
2020,ftt,FT-Transformer,11121,255,0.1580793094146209,3.383372386530334,5.083329127410768,0.5499065261479334,0.2272792031459946
2020,stack,Stacked Ensemble,11121,255,0.1580793094146209,3.2250781191322972,4.903930626942093,0.5741445112938353,0.2808577950388048
2020,pick_bin,Pick-Bin Baseline,11121,255,0.1580793094146209,3.717970722047137,5.687626440771704,0.5522494803141844,0.0326396766307643
2021,spline,Spline Ridge,11376,259,0.1748417721518987,3.762157397947122,5.879888226082882,0.329225892675749,-0.0315942366682264
2021,xgb,XGBoost,11376,259,0.1748417721518987,3.300356661606019,4.740032142563561,0.5289950952294334,0.3296010280274394
2021,catboost,CatBoost,11376,259,0.1748417721518987,3.2858352467335172,4.64981360547308,0.5325545110555239,0.3548779975562908
2021,rf,Random Forest,11376,259,0.1748417721518987,3.2021856242343243,4.804491340428445,0.5537521814361257,0.3112436811674488
2021,ftt,FT-Transformer,11376,259,0.1748417721518987,3.176509430049469,4.717277868347918,0.5587546319807665,0.3360220089458597
2021,stack,Stacked Ensemble,11376,259,0.1748417721518987,3.2097500263087246,4.673688724433655,0.549466012275729,0.3482360507337931
2021,pick_bin,Pick-Bin Baseline,11376,259,0.1748417721518987,3.4845066489330785,5.482965884096739,0.5511310948471639,0.1029805630722058
2022,spline,Spline Ridge,11635,262,0.1913192952299097,3.900923069822899,5.645675681520169,0.3759032209253753,-0.0583780013254033
2022,xgb,XGBoost,11635,262,0.1913192952299097,3.347931954526264,4.80310119837633,0.5163936493515687,0.2339582744212396
2022,catboost,CatBoost,11635,262,0.1913192952299097,3.311459048554314,4.6613197419353245,0.5400555174893731,0.2785159403304047
2022,rf,Random Forest,11635,262,0.1913192952299097,3.3531805110218738,4.926442400326039,0.549469122135793,0.1941099929347135
2022,ftt,FT-Transformer,11635,262,0.1913192952299097,3.5265068703025353,5.1810963271342505,0.5196775431734666,0.1086417563964036
2022,stack,Stacked Ensemble,11635,262,0.1913192952299097,3.3205760148241033,4.8074223491896,0.5454974948126698,0.2325793025006779
2022,pick_bin,Pick-Bin Baseline,11635,262,0.1913192952299097,3.698698914117408,5.533700784765601,0.5371873514833035,-0.0168111427576362
2023,spline,Spline Ridge,11897,259,0.2063545431621417,3.5641421506641633,5.242193834094803,0.4758532226605376,0.0459692724520236
2023,xgb,XGBoost,11897,259,0.2063545431621417,2.776686809479567,3.933392565881253,0.6783234615662342,0.4628806510936123
2023,catboost,CatBoost,11897,259,0.2063545431621417,2.7405985860618087,3.87026331032948,0.6612598270422296,0.4799833633839711
2023,rf,Random Forest,11897,259,0.2063545431621417,2.887191390478044,4.159234602557466,0.6533134855780985,0.3994308117835324
2023,ftt,FT-Transformer,11897,259,0.2063545431621417,2.9906537029532623,4.424677854852503,0.6367051047454618,0.3203277703757067
2023,stack,Stacked Ensemble,11897,259,0.2063545431621417,2.7970314620360655,3.9975367497592447,0.6602630867900396,0.4452195581805708
2023,pick_bin,Pick-Bin Baseline,11897,259,0.2063545431621417,3.34140925034738,4.964763138495955,0.633831056121815,0.1442768528159399
2024,spline,Spline Ridge,12156,257,0.2212076340901612,3.605754933161065,5.227674197262446,0.5206065886324501,0.1003518715719756
2024,xgb,XGBoost,12156,257,0.2212076340901612,3.017359688356229,4.227791892472651,0.5976823960548938,0.4115861896372894
2024,catboost,CatBoost,12156,257,0.2212076340901612,2.9744664718235794,4.021563983038113,0.6096321865400922,0.4675907165261844
2024,rf,Random Forest,12156,257,0.2212076340901612,2.9589968329521392,4.20373181631245,0.6278397149839818,0.4182643788141008
2024,ftt,FT-Transformer,12156,257,0.2212076340901612,3.1493687744502425,4.53125892846476,0.6013624042695956,0.324082931678232
2024,stack,Stacked Ensemble,12156,257,0.2212076340901612,2.9573505909086983,4.108461102631721,0.6180212117080397,0.4443337578747973
2024,pick_bin,Pick-Bin Baseline,12156,257,0.2212076340901612,3.39580782564732,4.991037601857028,0.6131897421898097,0.1799556556879075
