model,model_key,test_year,n_train,n_test,prediction_clip_upper,n_predictions_clipped,mae,rmse,r2,spearman
Pick-Bin Baseline,pick_bin,2010,2804,255,,0,2.959872077173115,4.117760830641519,0.36985860142617333,0.5720268548067562
XGBoost,xgboost,2010,2804,255,41.0,0,2.9591379338619754,4.099485892506895,0.375439421467477,0.6112798381448203
CatBoost,catboost,2010,2804,255,41.0,0,2.9912650018148774,4.0862738099352836,0.3794586809678434,0.6133440937301525
MLP Neural Net,mlp,2010,2804,255,41.0,103,4.029389527652313,6.155606640016143,-0.40817780565019546,-0.027402119956301884
Spline Ridge,spline,2010,2804,255,41.0,45,8.372476897956213,14.885798319578225,-7.234932382571877,0.3565527958520587
Pick-Bin Baseline,pick_bin,2011,3059,254,,0,3.1515865204349454,4.754352442085061,0.41935512292515353,0.6124919107799524
XGBoost,xgboost,2011,3059,254,41.0,0,3.364623957731592,5.000234074217359,0.35774347785561156,0.5977433107904904
CatBoost,catboost,2011,3059,254,41.0,0,3.308015824076402,4.939977696986423,0.3731295054430813,0.6203272746628239
MLP Neural Net,mlp,2011,3059,254,41.0,6,3.584706081819109,5.9821191804210505,0.08074082132840077,0.4436053176527909
Spline Ridge,spline,2011,3059,254,41.0,0,3.2188430723297223,5.219226101811279,0.3002545627615495,0.5620984426073453
Pick-Bin Baseline,pick_bin,2012,3313,253,,0,3.100714502888416,4.474262161327664,0.4042023149171684,0.6060817603890728
XGBoost,xgboost,2012,3313,253,41.0,0,3.2107832526029805,4.500160296694897,0.39728510487853597,0.5895945741952416
CatBoost,catboost,2012,3313,253,41.0,0,3.1845443492295167,4.509868350401625,0.39468186433701213,0.6228447021023613
MLP Neural Net,mlp,2012,3313,253,41.0,8,3.6070374730270123,5.667577296928996,0.04401547776968873,0.44524790532977154
Spline Ridge,spline,2012,3313,253,41.0,3,3.282723060757781,5.100799668857621,0.22565857846526727,0.6137143237663315
Pick-Bin Baseline,pick_bin,2013,3566,254,,0,2.9663286680511094,4.208278877897919,0.3596949596521495,0.6306204785932188
XGBoost,xgboost,2013,3566,254,41.0,0,3.0806421651614935,4.2272740581762775,0.3539015415672252,0.6168829595830294
CatBoost,catboost,2013,3566,254,41.0,0,3.0334813337694215,4.147226891528936,0.3781387610842275,0.6332310373626383
MLP Neural Net,mlp,2013,3566,254,41.0,6,3.1302573189895404,4.615632438173167,0.22973470701552456,0.5712463551889613
Spline Ridge,spline,2013,3566,254,41.0,4,2.9956674888868142,4.507674931832707,0.26534561499377884,0.6295005714101577
Pick-Bin Baseline,pick_bin,2014,3820,256,,0,3.279379111842106,4.509060031889831,0.36972313023842707,0.610633051037979
XGBoost,xgboost,2014,3820,256,41.0,0,3.282716006040573,4.460980508767473,0.3830925910328665,0.597127004338921
CatBoost,catboost,2014,3820,256,41.0,0,3.2877771972047176,4.390589734493883,0.4024076214828983,0.6240652276319663
MLP Neural Net,mlp,2014,3820,256,41.0,6,3.492007128640193,5.22505295083071,0.15366806887562146,0.5051147140033375
Spline Ridge,spline,2014,3820,256,41.0,6,3.309540378073694,4.910908389819883,0.2523764035784464,0.5600823256657218
Pick-Bin Baseline,pick_bin,2015,4076,256,,0,3.0761406792534722,4.320806057048131,0.3638811216236425,0.6271101587445757
XGBoost,xgboost,2015,4076,256,41.0,0,3.0540186525322497,4.155377880620999,0.4116580905048638,0.6499515215286408
CatBoost,catboost,2015,4076,256,41.0,0,3.0584908987971984,4.1762855084518336,0.4057227558004127,0.6592247827306542
MLP Neural Net,mlp,2015,4076,256,41.0,6,3.1213350145439374,4.712902847817806,0.2431920023236951,0.6582449583968867
Spline Ridge,spline,2015,4076,256,41.0,2,2.978325405278726,4.498051792472631,0.31062164732368724,0.6518687291117586
Pick-Bin Baseline,pick_bin,2016,4332,253,,0,3.1928301678370654,4.703073315995003,0.2610980328315715,0.5711521853331004
XGBoost,xgboost,2016,4332,253,41.0,0,3.204800844663688,4.578171850577179,0.2998235390381151,0.5673959633453526
CatBoost,catboost,2016,4332,253,41.0,0,3.212667629463433,4.61494053113943,0.2885317192200103,0.5871469035362826
MLP Neural Net,mlp,2016,4332,253,41.0,0,3.2879238647862867,5.039099559324997,0.15173958100168194,0.5498850279163142
Spline Ridge,spline,2016,4332,253,41.0,0,3.211431562682492,4.934958078122357,0.18643873997994753,0.5788586623639145
Pick-Bin Baseline,pick_bin,2017,4585,253,,0,3.4295922681107553,4.864816186948538,0.2908121622149551,0.565509767212074
XGBoost,xgboost,2017,4585,253,41.0,0,3.4666114136164365,4.606302290202847,0.3641813263951461,0.6169739910257371
CatBoost,catboost,2017,4585,253,41.0,0,3.4280673740685876,4.647294362417863,0.3528145099540868,0.5908353545242303
MLP Neural Net,mlp,2017,4585,253,41.0,93,4.60430138435281,6.851422134441641,-0.4066623416163515,0.10074752248989835
Spline Ridge,spline,2017,4585,253,41.0,1,3.3428199233622538,5.107347354486221,0.21833764052386861,0.5974906097201235
Pick-Bin Baseline,pick_bin,2018,4838,256,,0,2.736790707236842,4.0842733676814005,0.47797665078011,0.6949215785962827
XGBoost,xgboost,2018,4838,256,41.0,0,2.888431914150715,4.117514542155553,0.4694447613561288,0.6878750417927281
CatBoost,catboost,2018,4838,256,41.0,0,2.8501669678702126,4.022086467515981,0.493752222616316,0.702266495738517
MLP Neural Net,mlp,2018,4838,256,41.0,2,3.514352251803002,5.466591063179829,0.06482368765306656,0.43966604354309036
Spline Ridge,spline,2018,4838,256,41.0,2,3.1164358455688115,4.685267334088954,0.31304375510734395,0.6395240997137438
Pick-Bin Baseline,pick_bin,2019,5094,254,,0,2.9491003484877996,4.113904114358823,0.3859800844756963,0.6318820146752884
XGBoost,xgboost,2019,5094,254,41.0,0,2.9453037812953857,3.948938936894051,0.4342364502828381,0.6291256259124346
CatBoost,catboost,2019,5094,254,41.0,0,2.9161392642128767,3.934783525623777,0.43828526540425417,0.6398107974190438
MLP Neural Net,mlp,2019,5094,254,41.0,0,3.2701175375552194,4.717473829156809,0.19259185444159088,0.5799495315136074
Spline Ridge,spline,2019,5094,254,41.0,0,3.077218825233207,4.341974327662697,0.3160117675327916,0.6342574780831167
Pick-Bin Baseline,pick_bin,2020,5348,255,,0,3.0980545416819925,4.567617064063589,0.34944236776589577,0.6013787303010758
XGBoost,xgboost,2020,5348,255,41.0,0,2.9935040277593274,4.300783501212867,0.4232314585115614,0.5969211986183494
CatBoost,catboost,2020,5348,255,41.0,0,3.0016116403215003,4.25558686193835,0.4352902037589629,0.615591842047577
MLP Neural Net,mlp,2020,5348,255,41.0,2,3.228646971318376,4.908915425343607,0.24858907973007793,0.5675717685408196
Spline Ridge,spline,2020,5348,255,41.0,2,3.083804309148425,4.523212222486649,0.3620298894045052,0.5884910911294915
Pick-Bin Baseline,pick_bin,2021,5603,259,,0,3.1595943470943473,4.440801440678683,0.4054607757574862,0.5880199880271111
XGBoost,xgboost,2021,5603,259,41.0,0,3.2218556560604728,4.4947627791928335,0.39092418728065903,0.5921388132420552
CatBoost,catboost,2021,5603,259,41.0,0,3.191928130028004,4.432569239211981,0.40766300444830783,0.5979441196228097
MLP Neural Net,mlp,2021,5603,259,41.0,23,3.5463167256419417,5.266409441393329,0.16384451491854513,0.47918031913355386
Spline Ridge,spline,2021,5603,259,41.0,22,3.2445138644633267,4.876811696822729,0.28298246674772076,0.5517755958685893
Pick-Bin Baseline,pick_bin,2022,5862,262,,0,3.312366649281684,4.614289386735424,0.27044577641171874,0.5485821411630785
XGBoost,xgboost,2022,5862,262,41.0,0,3.246574186186754,4.4208813463058725,0.3303226076046295,0.586411282091721
CatBoost,catboost,2022,5862,262,41.0,0,3.2894938318326994,4.463665555350763,0.31729793810133833,0.5652084093832481
MLP Neural Net,mlp,2022,5862,262,41.0,3,3.4550356858191384,5.075292980865561,0.1173873337105108,0.5595212218273429
Spline Ridge,spline,2022,5862,262,41.0,3,3.33157646065509,4.8622390422836395,0.18993376081460367,0.5467339310693735
Pick-Bin Baseline,pick_bin,2023,6124,259,,0,2.86252703076831,3.9784920018421164,0.4322656086032616,0.6399253823604091
XGBoost,xgboost,2023,6124,259,41.0,0,2.8677146407167884,3.8109742320032303,0.4790689442540472,0.6517496215546973
CatBoost,catboost,2023,6124,259,41.0,0,2.799328813277336,3.766940598203375,0.49103751994401745,0.640206060543005
MLP Neural Net,mlp,2023,6124,259,41.0,3,2.8723487905169214,4.319545745599679,0.33075616397411756,0.5907473216243846
Spline Ridge,spline,2023,6124,259,41.0,0,2.7116883438623294,4.038123728825154,0.4151190614516068,0.6253511811596885
Pick-Bin Baseline,pick_bin,2024,6383,257,,0,2.9364255907065924,3.9883369306659824,0.4588753461490471,0.6290313542670607
XGBoost,xgboost,2024,6383,257,41.0,0,2.863481207580418,3.758162201276061,0.5195317640041284,0.6486457873162192
CatBoost,catboost,2024,6383,257,41.0,0,2.915015176013761,3.790859907252212,0.5111348129315108,0.6486162101661644
MLP Neural Net,mlp,2024,6383,257,41.0,2,3.051569008261007,4.427815031509012,0.33305106765939596,0.623263891981954
Spline Ridge,spline,2024,6383,257,41.0,0,2.86688947426454,4.010620122559615,0.45281183184503815,0.6363046323680418
