draft_season,pick,round,team,position,position_group,category,college,pfr_player_name,college_perf_score,cfb_matched,av_2yr,pred_spline,pred_xgb,pred_rf,pred_ftt,pred_pick_bin
2024,1,1,CHI,QB,QB,QB,USC,Caleb Williams,0.749554450536218,1.0,27.0,4.958007219689643,16.905252,16.429272897707182,8.167419,7.650568181818182
2024,2,1,WAS,QB,QB,QB,LSU,Jayden Daniels,0.8246252851091562,1.0,26.0,5.116621313893383,17.496565,15.533355579474215,8.319755,7.650568181818182
2024,3,1,NWE,QB,QB,QB,North Carolina,Drake Maye,0.649444592553097,1.0,26.0,3.925667618346089,11.97606,15.576172420820281,8.486467,7.650568181818182
2024,4,1,ARI,WR,WR,WR,Ohio St.,Marvin Harrison Jr.,0.707566499857541,1.0,13.0,8.030282329796844,13.694697,12.77431436775933,8.544278,7.650568181818182
2024,5,1,LAC,OL,OL,OL,Notre Dame,Joe Alt,0.8378870673952642,1.0,12.0,8.160335670312914,11.0990305,11.649450344681288,8.425068,7.650568181818182
2024,6,1,NYG,WR,WR,WR,LSU,Malik Nabers,0.7049365094053386,1.0,12.0,5.8407051451073055,13.1994,13.977100039796422,8.532926,7.650568181818182
2024,7,1,TEN,OL,OL,OL,Alabama,JC Latham,0.5,0.0,11.0,5.322673756801395,10.660117,10.824477872172887,8.0965805,7.650568181818182
2024,8,1,ATL,QB,QB,QB,Washington,Michael Penix,0.6826420890937019,1.0,8.0,4.088457426633285,15.960419,12.76426591961559,8.260308,7.650568181818182
2024,9,1,CHI,WR,WR,WR,Washington,Rome Odunze,0.745206277403384,1.0,12.0,4.650715499991275,10.822108,11.182453166033875,8.229496,7.650568181818182
2024,10,1,MIN,QB,QB,QB,Michigan,J.J. McCarthy,0.5517665130568357,1.0,0.0,3.2945459859307764,13.382494,13.670813738105364,8.1008415,7.650568181818182
2024,11,1,NYJ,OL,OL,OL,Penn St.,Olumuyiwa Fashanu,0.5,0.0,10.0,2.7443302002346255,11.565179,10.982649007698528,7.9372334,7.650568181818182
2024,12,1,DEN,QB,QB,QB,Oregon,Bo Nix,0.6535218949664953,1.0,26.0,4.60009038533098,12.820106,12.46396625011585,7.9772797,7.650568181818182
2024,13,1,LVR,TE,TE,TE,Georgia,Brock Bowers,0.8809515324305061,1.0,14.0,4.99388478578399,5.233357,11.066004430251764,7.6928086,7.650568181818182
2024,14,1,NOR,OL,OL,OL,Oregon St.,Taliese Fuaga,0.8378870673952642,1.0,13.0,7.186436664030411,10.835965,10.120537383123674,8.162319,7.650568181818182
2024,15,1,IND,DL,DL,DL,UCLA,Laiatu Latu,0.8269230769230769,1.0,10.0,5.624559817577435,8.496122,9.33001810239219,8.465481,7.650568181818182
2024,16,1,SEA,DL,DL,DL,Texas,Byron Murphy,0.546474358974359,1.0,14.0,4.575117803820921,11.902253,9.373064838714484,8.081944,7.650568181818182
2024,17,1,MIN,LB,LB,LB,Alabama,Dallas Turner,0.7700729927007299,1.0,9.0,6.124106128371497,11.506006,10.640835736637865,7.818285,5.416193181818182
2024,18,1,CIN,OL,OL,OL,Georgia,Amarius Mims,0.5,0.0,16.0,3.183195205259396,10.72057,9.560955857316117,8.173952,5.416193181818182
2024,19,1,LAR,DL,DL,DL,Florida St.,Jared Verse,0.7291666666666666,1.0,22.0,5.708908316199884,6.839887,8.384657797579209,8.422785,5.416193181818182
2024,20,1,PIT,OL,OL,OL,Washington,Troy Fautanu,0.5,0.0,9.0,2.157384562928265,10.01672,8.827231934894542,8.1497345,5.416193181818182
2024,21,1,MIA,DE,DL,DL,Penn St.,Chop Robinson,0.6785930867192238,1.0,4.0,4.252873143755414,8.965697,9.432381040256606,7.7164717,5.416193181818182
2024,22,1,PHI,CB,DB,DB,Toledo,Quinyon Mitchell,0.8496894409937887,1.0,19.0,5.3028195341036835,8.733029,6.986364705088936,7.8766775,5.416193181818182
2024,23,1,JAX,WR,WR,WR,LSU,Brian Thomas,0.6171813158530711,1.0,18.0,6.5060679555407654,9.270421,7.287970568080112,8.076559,5.416193181818182
2024,24,1,DET,DB,DB,DB,Alabama,Terrion Arnold,0.791820215010039,1.0,8.0,5.842129838976946,9.832523,7.335286917769845,7.5839524,5.416193181818182
2024,25,1,GNB,OL,OL,OL,Arizona,Jordan Morgan,0.8743169398907104,1.0,9.0,6.524354911516861,8.86662,6.9670655301635875,7.978217,5.416193181818182
2024,26,1,TAM,OL,OL,OL,Duke,Graham Barton,0.7686703096539163,1.0,15.0,6.725451253361253,8.561606,6.942537398343799,8.204581,5.416193181818182
2024,27,1,ARI,DL,DL,DL,Missouri,Darius Robinson,0.7692307692307693,1.0,4.0,6.608220426058075,7.7643495,7.215414538452442,8.34446,5.416193181818182
2024,28,1,KAN,WR,WR,WR,Texas,Xavier Worthy,0.7714353816259955,1.0,13.0,5.195852301116768,9.445561,8.037984607158464,8.136986,5.416193181818182
2024,29,1,DAL,OL,OL,OL,Oklahoma,Tyler Guyton,0.7559198542805101,1.0,9.0,6.7508266918945266,5.2340574,6.569176711316689,7.8077455,5.416193181818182
2024,30,1,BAL,CB,DB,DB,Clemson,Nate Wiggins,0.7556935817805382,1.0,7.0,5.21494157454036,8.34747,6.776458732736173,8.345391,5.416193181818182
2024,31,1,SFO,WR,WR,WR,Florida,Ricky Pearsall,0.792173450798468,1.0,8.0,5.095230051543808,6.9789443,6.306613711443381,8.549675,5.416193181818182
2024,32,1,CAR,WR,WR,WR,South Carolina,Xavier Legette,0.649444251301776,1.0,8.0,6.241536667906854,7.6441054,7.086977890869057,7.851018,5.416193181818182
2024,33,2,BUF,WR,WR,WR,Florida St.,Keon Coleman,0.6268613034284715,1.0,11.0,3.6162483061116766,8.318989,6.08616540706742,7.1740093,4.6946022727272725
2024,34,2,LAC,WR,WR,WR,Georgia,Ladd McConkey,0.6997027674055218,1.0,18.0,5.879359034630827,8.329651,8.105622184760428,7.4861474,4.6946022727272725
2024,35,2,ATL,DT,DL,DL,Clemson,Ruke Orhorhoro,0.8517628205128205,1.0,6.0,4.683459254052925,6.501195,5.318208055077691,5.580468,4.6946022727272725
2024,36,2,WAS,DL,DL,DL,Illinois,Jer'Zhan Newton,0.8637820512820512,1.0,7.0,4.101320852358747,6.8749704,5.100546130015998,5.2506824,4.6946022727272725
2024,37,2,NWE,WR,WR,WR,Washington,Ja'Lynn Polk,0.7034009506676182,1.0,0.0,2.946130350961858,7.269728,7.158595892237916,7.400487,4.6946022727272725
2024,38,2,TEN,DL,DL,DL,Texas,T'Vondre Sweat,0.7467948717948717,1.0,11.0,6.48611747535934,5.527707,5.3680560413091,6.1676693,4.6946022727272725
2024,39,2,LAR,DL,DL,DL,Florida St.,Braden Fiske,0.8733974358974359,1.0,14.0,4.291449269845962,5.0103183,4.819904111447135,5.586671,4.6946022727272725
2024,40,2,PHI,DB,DB,DB,Iowa,Cooper DeJean,0.8415329498294934,1.0,16.0,3.982513428360118,7.788222,5.576594024366159,6.158237,4.6946022727272725
2024,41,2,NOR,DB,DB,DB,Alabama,Kool-Aid McKinstry,0.7532679908836976,1.0,10.0,4.25927093382794,7.8417034,5.857824703099774,6.480544,4.6946022727272725
2024,42,2,HOU,DB,DB,DB,Georgia,Kamari Lassiter,0.6696037686363912,1.0,14.0,4.349887904492953,7.254807,6.164833086433717,6.788257,4.6946022727272725
2024,43,2,ARI,DB,DB,DB,Rutgers,Max Melton,0.8616972986059275,1.0,4.0,5.913318316944039,7.749905,6.303265002435443,7.3713126,4.6946022727272725
2024,44,2,LVR,OL,OL,OL,Oregon,Jackson Powers-Johnson,0.8542805100182149,1.0,6.0,5.288600563155928,8.091143,6.91055933887269,6.9840493,4.6946022727272725
2024,45,2,GNB,LB,LB,LB,Texas A&M,Edgerrin Cooper,0.8375912408759124,1.0,10.0,3.5219443624548945,8.603321,5.360930284365456,6.4172525,4.6946022727272725
2024,46,2,CAR,RB,RB,RB,Texas,Jonathon Brooks,0.6008051181569809,1.0,0.0,4.196192194544918,10.177306,7.055501880524072,7.2785254,4.6946022727272725
2024,47,2,NYG,DB,DB,DB,Minnesota,Tyler Nubin,0.7796803652968036,1.0,9.0,4.010087005151905,7.2331944,5.412474818257613,6.4088984,4.6946022727272725
2024,48,2,JAX,DT,DL,DL,LSU,Maason Smith,0.6951121794871795,1.0,4.0,6.495292670579251,6.328637,4.7113143267756685,5.312007,4.6946022727272725
2024,49,2,CIN,DL,DL,DL,Michigan,Kris Jenkins,0.5977564102564102,1.0,6.0,2.8191056728551795,5.3305297,3.9417321819050177,4.954795,4.018465909090909
2024,50,2,WAS,DB,DB,DB,Michigan,Mike Sainristil,0.8222845851505881,1.0,10.0,3.548506297665495,6.675029,5.5989173738819495,6.1621814,4.018465909090909
2024,51,2,PIT,OL,OL,OL,West Virginia,Zach Frazier,0.8105646630236794,1.0,13.0,4.363245435361251,7.924178,7.87185051708757,6.761227,4.018465909090909
2024,52,2,IND,WR,WR,WR,Texas,Adonai Mitchell,0.5746319102079663,1.0,8.0,3.494994708899831,10.041657,6.356491589232003,6.947335,4.018465909090909
2024,53,2,WAS,TE,TE,TE,Kansas St.,Ben Sinnott,0.7751737348538844,1.0,1.0,3.543378306288896,4.8550467,3.816608487420822,5.797895,4.018465909090909
2024,54,2,CLE,DT,DL,DL,Ohio St.,Michael Hall,0.7039262820512822,1.0,3.0,5.471307243919159,3.9799736,3.8932034072987007,5.18651,4.018465909090909
2024,55,2,MIA,OL,OL,OL,Houston,Patrick Paul,0.5,0.0,10.0,1.4512405198589329,7.3626623,7.437576717990116,6.7217584,4.018465909090909
2024,56,2,DAL,DL,DL,DL,Western Michigan,Marshawn Kneeland,0.8092948717948717,1.0,2.0,3.3900405453627713,4.6757016,3.876327666683712,4.766359,4.018465909090909
2024,57,2,TAM,LB,LB,LB,Alabama,Chris Braswell,0.7660757733750435,1.0,2.0,4.35064097887958,7.247209,4.963715251454453,6.160661,4.018465909090909
2024,58,2,GNB,DB,DB,DB,Georgia,Javon Bullard,0.7604452054794522,1.0,7.0,4.37921022523131,6.9668136,5.191542647905852,6.384603,4.018465909090909
2024,59,2,HOU,OL,OL,OL,Notre Dame,Blake Fisher,0.8378870673952642,1.0,8.0,4.122665522486373,7.2483463,7.141665477159026,6.8802857,4.018465909090909
2024,60,2,BUF,SAF,DB,DB,Utah,Cole Bishop,0.8323452847111324,1.0,9.0,4.055160378939992,6.158474,5.278148572758859,5.8469844,4.018465909090909
2024,61,2,DET,DB,DB,DB,Missouri,Ennis Rakestraw,0.7741438356164385,1.0,0.0,3.615218734683932,6.4783936,5.574901979858767,5.9555917,4.018465909090909
2024,62,2,BAL,OL,OL,OL,Washington,Roger Rosengarten,0.8378870673952642,1.0,17.0,4.467707602012853,6.973227,6.942874375864995,6.711485,4.018465909090909
2024,63,2,KAN,OL,OL,OL,BYU,Kingsley Suamataia,0.5,0.0,10.0,1.7622535515116495,6.9375896,7.506664731774588,7.005936,4.018465909090909
2024,64,2,SFO,DB,DB,DB,Florida St.,Renardo Green,0.7696917808219179,1.0,8.0,3.63571240455646,5.4256196,5.4351084178010725,6.320797,4.018465909090909
2024,65,3,NYJ,WR,WR,WR,Western Kentucky,Malachi Corley,0.7177416586278517,1.0,1.0,2.32182131905635,5.9880095,4.880459433389773,5.320787,3.2869318181818183
2024,66,3,ARI,RB,RB,RB,Florida St.,Trey Benson,0.675055816658901,1.0,3.0,3.7045442325410476,7.827211,6.847651330055677,5.617991,3.2869318181818183
2024,67,3,WAS,OL,OL,OL,TCU,Brandon Coleman,0.9289617486338799,1.0,11.0,3.6048312163003664,5.8073435,5.295060549762422,4.62455,3.2869318181818183
2024,68,3,NWE,OL,OL,OL,Penn St.,Caedan Wallace,0.5,0.0,1.0,1.2835219960541555,4.764621,4.75554757060632,4.8434763,3.2869318181818183
2024,69,3,LAC,LB,LB,LB,Michigan,Junior Colson,0.7412408759124088,1.0,0.0,3.8769969547116063,5.335234,3.9830655307799168,4.736636,3.2869318181818183
2024,70,3,NYG,DB,DB,DB,Kentucky,Andru Phillips,0.7318493150684933,1.0,6.0,3.4942589450028945,5.006652,3.690416326561999,3.5544384,3.2869318181818183
2024,71,3,ARI,OL,OL,OL,Illinois,Isaiah Adams,0.5,0.0,8.0,2.3155250404844883,3.395057,5.605668965502738,4.2713456,3.2869318181818183
2024,72,3,CAR,LB,LB,LB,Kentucky,Trevin Wallace,0.7852189781021899,1.0,8.0,4.475787805736511,6.088185,4.2275628176188125,4.6955447,3.2869318181818183
2024,73,3,DAL,OL,OL,OL,Kansas St.,Cooper Beebe,0.8378870673952642,1.0,10.0,4.545622595001545,3.5233028,4.640167467709709,3.76174,3.2869318181818183
2024,74,3,ATL,DE,DL,DL,Washington,Bralen Trice,0.7953305033353547,1.0,0.0,2.4400851471732707,4.900557,4.117864402055079,3.0185912,3.2869318181818183
2024,75,3,CHI,OL,OL,OL,Yale,Kiran Amegadjie,0.6557377049180328,1.0,0.0,4.545449106405791,5.67616,4.874090622792888,4.542234,3.2869318181818183
2024,76,3,DEN,DE,DL,DL,Utah,Jonah Elliss,0.7592480291085507,1.0,3.0,2.862782463981302,5.9546323,4.063693287665965,3.135112,3.2869318181818183
2024,77,3,LVR,OL,OL,OL,Maryland,Delmar Glaze,0.7941712204007286,1.0,11.0,4.368234198565862,4.587327,5.5127631469263,3.2538967,3.2869318181818183
2024,78,3,HOU,SAF,DB,DB,USC,Calen Bullock,0.8316671406383305,1.0,14.0,2.9060812785459227,4.5358233,4.57941533821308,4.377716,3.2869318181818183
2024,79,3,IND,OL,OL,OL,Pittsburgh,Matt Goncalves,0.8378870673952642,1.0,12.0,4.299302975367443,4.672362,4.848750567159138,4.9158955,3.2869318181818183
2024,80,3,CIN,WR,WR,WR,Alabama,Jermaine Burton,0.7217813197192388,1.0,0.0,2.968728937031906,5.345589,3.7819544611342355,4.797267,3.2869318181818183
2024,81,3,SEA,OL,OL,OL,Connecticut,Christian Haynes,0.936247723132969,1.0,2.0,4.379282715390429,2.9297845,4.12337186487129,5.2561054,2.6051136363636362
2024,82,3,ARI,TE,TE,TE,Illinois,Tip Reiman,0.6898337595907928,1.0,0.0,3.2230643737547062,3.971107,2.4166592215309373,1.8856535,2.6051136363636362
2024,83,3,LAR,RB,RB,RB,Michigan,Blake Corum,0.7357486706778297,1.0,8.0,2.8938001389370496,4.74109,5.244395186325285,5.553219,2.6051136363636362
2024,84,3,PIT,WR,WR,WR,Michigan,Roman Wilson,0.6938027919705477,1.0,2.0,2.415168011267249,4.6469893,3.5813414429666106,4.916704,2.6051136363636362
2024,85,3,CLE,OL,OL,OL,Michigan,Zak Zinter,0.5,0.0,1.0,1.677105278726467,2.9021466,3.6438845814636873,4.556181,2.6051136363636362
2024,86,3,SFO,OL,OL,OL,Kansas,Dominick Puni,0.8378870673952642,1.0,15.0,3.529766040610594,2.107818,2.9185503286850634,5.220156,2.6051136363636362
2024,87,3,DAL,LB,LB,LB,Notre Dame,Marist Liufau,0.7321167883211679,1.0,6.0,2.382236635186975,3.961127,2.8784043546571656,3.7790043,2.6051136363636362
2024,88,3,GNB,RB,RB,RB,USC,MarShawn Lloyd,0.6421393784930675,1.0,0.0,2.4166406722255394,6.384826,5.048500611640049,6.3732862,2.6051136363636362
2024,89,3,TAM,DB,DB,DB,Georgia,Tykee Smith,0.8700342465753425,1.0,9.0,3.3380374886160444,3.7469223,3.4427535797640356,3.4275515,2.6051136363636362
2024,90,3,ARI,DB,DB,DB,Boston Col.,Elijah Jones,0.8299657534246576,1.0,0.0,4.232697935122114,3.5603125,3.337937078635352,3.751858,2.6051136363636362
2024,91,3,GNB,LB,LB,LB,Missouri,Ty'Ron Hopper,0.8158759124087591,1.0,3.0,2.918790888725155,4.334027,3.5477335588389955,4.7645726,2.6051136363636362
2024,92,3,TAM,WR,WR,WR,Washington,Jalen McMillan,0.6808292564744471,1.0,7.0,2.0708783441528964,4.953463,3.746044332855972,5.6569414,2.6051136363636362
2024,93,3,BAL,DE,DL,DL,Penn St.,Adisa Isaac,0.7656155245603395,1.0,0.0,2.879981870633027,4.1806073,3.0725720415562434,3.5208278,2.6051136363636362
2024,94,3,PHI,DE,DL,DL,Houston Christian,Jalyx Hunt,0.6992116434202548,1.0,9.0,2.6068658687879713,3.2919648,2.70792708957432,3.5457428,2.6051136363636362
2024,95,3,BUF,DT,DL,DL,Duke,DeWayne Carter,0.8361378205128205,1.0,0.0,3.3540436530931266,2.874925,2.7071786985200856,3.3160942,2.6051136363636362
2024,96,3,JAX,DB,DB,DB,Florida St.,Jarrian Jones,0.8046232876712329,1.0,5.0,4.019584988658647,3.313954,2.8324028716683554,3.7498045,2.6051136363636362
2024,97,3,CIN,DL,DL,DL,Texas A&M,McKinnley Jackson,0.6971153846153846,1.0,2.0,2.2330924814423216,4.5891547,2.799390902132639,2.897002,2.309659090909091
2024,98,3,PIT,LB,LB,LB,North Carolina St.,Payton Wilson,0.9210636079249216,1.0,7.0,2.954793286792036,2.423178,3.077151301410558,4.591917,2.309659090909091
2024,99,3,LAR,SAF,DB,DB,Miami (FL),Kamren Kinchens,0.8204897520384682,1.0,8.0,3.2455131987284846,3.9214904,3.2482058235565923,4.0410957,2.309659090909091
2024,100,3,WAS,WR,WR,WR,Rice,Luke McCaffrey,0.7552848172480414,1.0,4.0,2.57732645846031,3.9426308,2.9377402861692423,5.4352875,2.309659090909091
2024,101,4,CAR,TE,TE,TE,Texas,Ja'Tavion Sanders,0.7007054544317133,1.0,5.0,2.5712014559723704,3.3920383,3.070336424809123,1.8839684,2.309659090909091
2024,102,4,DEN,WR,WR,WR,Oregon,Troy Franklin,0.6538261855536692,1.0,8.0,2.1514866111040627,4.14309,3.067493018770255,2.1984851,2.309659090909091
2024,103,4,NWE,OL,OL,OL,Texas A&M,Layden Robinson,0.7449908925318761,1.0,0.0,2.722528761685645,2.4045508,2.5310127701291236,2.8351274,2.309659090909091
2024,104,4,ARI,DB,DB,DB,Texas Tech,Dadrion Taylor-Demerson,0.8343478113536821,1.0,3.0,2.8778291075598808,3.2544117,2.8975759896927884,2.2404273,2.309659090909091
2024,105,4,LAC,DL,DL,DL,Alabama,Justin Eboigbe,0.7676282051282051,1.0,2.0,3.6787431320075967,3.1357071,2.516785530419224,2.1200929,2.309659090909091
2024,106,4,TEN,LB,LB,LB,North Carolina,Cedric Gray,0.8954379562043796,1.0,6.0,3.24455688896326,4.584939,3.457821012151764,2.8680787,2.309659090909091
2024,107,4,NYG,TE,TE,TE,Penn St.,Theo Johnson,0.7788901601830663,1.0,7.0,1.6385810146195057,2.905656,2.159314717482428,1.6972343,2.309659090909091
2024,108,4,MIN,DB,DB,DB,Oregon,Khyree Jackson,0.7393835616438357,1.0,0.0,2.5112659477278867,3.132011,2.574896112245068,2.2623742,2.309659090909091
2024,109,4,ATL,DE,DL,DL,Oregon,Brandon Dorlus,0.8074590661006671,1.0,5.0,2.5290262731645057,3.0404696,2.5047902095442467,1.7848543,2.309659090909091
2024,110,4,NWE,WR,WR,WR,Central Florida,Javon Baker,0.6302090875758352,1.0,0.0,2.1538362188266156,4.4928675,2.700664698772469,2.0543797,2.309659090909091
2024,111,4,GNB,DB,DB,DB,Oregon,Evan Williams,0.8351027397260274,1.0,8.0,2.4698071683614486,3.4212542,2.800599390557736,2.6746092,2.309659090909091
2024,112,4,LVR,CB,DB,DB,Mississippi St.,Decamerion Richardson,0.7229813664596272,1.0,4.0,2.5244522094916575,3.0294907,2.623980958992607,3.0186777,2.309659090909091
2024,113,4,BAL,WR,WR,WR,North Carolina,Devontez Walker,0.6588537810286538,1.0,1.0,2.2324040726394636,3.3849456,2.0795876173481593,3.0162747,1.9275568181818181
2024,114,4,JAX,OL,OL,OL,Missouri,Javon Foster,0.5,0.0,0.0,1.7441887926801127,1.7526482,2.279756830293888,2.909153,1.9275568181818181
2024,115,4,CIN,TE,TE,TE,Iowa,Erick All,0.752574370709382,1.0,0.0,1.7584727327446121,2.526243,2.115597130896691,1.7726454,1.9275568181818181
2024,116,4,JAX,DT,DL,DL,LSU,Jordan Jefferson,0.8004807692307693,1.0,1.0,4.218627804938711,3.9462862,3.064229091126178,2.4270165,1.9275568181818181
2024,117,4,IND,OL,OL,OL,Wisconsin,Tanor Bortolini,0.5,0.0,10.0,1.6482449799399317,2.4608543,2.9750303290804454,2.3231523,1.9275568181818181
2024,118,4,SEA,LB,LB,LB,Texas-El Paso,Tyrice Knight,0.8423357664233577,1.0,9.0,2.8593850568283408,3.1616719,2.4862093663088363,2.4155376,1.9275568181818181
2024,119,4,PIT,OL,OL,OL,South Dakota St.,Mason McCormick,0.5,0.0,13.0,0.9885022853235726,1.7421225,2.1555511529049984,2.7061045,1.9275568181818181
2024,120,4,MIA,RB,RB,RB,Tennessee,Jaylen Wright,0.58434470585373,1.0,4.0,1.4881393048486684,4.7009597,3.2815185986571156,4.092301,1.9275568181818181
2024,121,4,SEA,TE,TE,TE,Michigan,AJ Barner,0.7316933638443935,1.0,7.0,1.8646923996549178,3.0860817,2.0392417193701244,1.8665407,1.9275568181818181
2024,122,4,CHI,P,ST,P,Iowa,Tory Taylor,0.7944272445820434,1.0,6.0,3.089104138168847,2.865464,2.2504375368183354,2.7498257,1.9275568181818181
2024,123,4,HOU,TE,TE,TE,Ohio St.,Cade Stover,0.8140732265446223,1.0,2.0,2.103924471985563,1.8110217,1.8341125136355665,1.7948059,1.9275568181818181
2024,124,4,SFO,DB,DB,DB,Wake Forest,Malik Mustapha,0.7933219178082193,1.0,8.0,2.2506145521884866,2.9966671,2.338521862649115,2.6254997,1.9275568181818181
2024,125,4,TAM,RB,RB,RB,Oregon,Bucky Irving,0.7521314087239581,1.0,18.0,2.3109551623147144,4.1965113,3.0816986940948357,4.444532,1.9275568181818181
2024,126,4,DET,OL,OL,OL,British Columbia,Giovanni Manu,0.5,0.0,0.0,1.1125102288230262,1.2336504,1.8554840873945677,3.6571364,1.9275568181818181
2024,127,4,PHI,RB,RB,RB,Clemson,Will Shipley,0.7333534326436605,1.0,2.0,1.9530374436844433,3.892118,2.7858567984916363,4.1157675,1.9275568181818181
2024,128,4,BUF,RB,RB,RB,Kentucky,Ray Davis,0.7519092544060956,1.0,10.0,2.760466082727433,3.476784,2.257067537526123,3.1250963,1.9275568181818181
2024,129,4,SFO,RB,RB,RB,Louisville,Isaac Guerendo,0.6781102391845882,1.0,4.0,2.1124350261159455,2.1612897,2.2713712939254087,3.8529434,1.6377840909090908
2024,130,4,BAL,DB,DB,DB,Iowa St.,T.J. Tampa,0.7731164383561645,1.0,1.0,2.903364708554967,3.024122,2.1779293695515776,2.2894917,1.6377840909090908
2024,131,4,KAN,TE,TE,TE,TCU,Jared Wiley,0.7826086956521738,1.0,0.0,1.7027477323330091,2.4097607,2.0408952416980344,1.4936523,1.6377840909090908
2024,132,4,DET,SAF,DB,DB,Utah,Sione Vaki,0.811432024041181,1.0,1.0,2.5681911769762924,3.37791,2.2151164894585222,2.799645,1.6377840909090908
2024,133,4,KAN,DB,DB,DB,Washington St.,Jaden Hicks,0.7828767123287672,1.0,4.0,2.0819712734661873,2.8967426,2.255246002445275,2.3434083,1.6377840909090908
2024,134,4,NYJ,RB,RB,RB,Wisconsin,Braelon Allen,0.6928370292096044,1.0,4.0,2.4358118956401804,4.3317432,2.766433510905112,4.3307724,1.6377840909090908
2024,135,4,SFO,WR,WR,WR,Arizona,Jacob Cowing,0.7344278763241544,1.0,0.0,2.135950169401584,1.8431602,1.7508816324374077,1.9422017,1.6377840909090908
2024,136,5,SEA,CB,DB,DB,Auburn,Nehemiah Pritchett,0.8074455205811137,1.0,2.0,1.8866588620060614,2.6907353,2.0584103857147023,1.5251175,1.6377840909090908
2024,137,5,LAC,DB,DB,DB,Maryland,Tarheeb Still,0.8027944311789686,1.0,10.0,2.8841924190749184,3.2971683,2.209689647634084,2.1982496,1.6377840909090908
2024,138,5,ARI,DE,DL,DL,Clemson,Xavier Thomas,0.8489993935718617,1.0,1.0,2.366793741772912,2.8580444,1.9516522142374395,1.7052726,1.6377840909090908
2024,139,5,WAS,LB,LB,LB,Temple,Jordan Magee,0.833941605839416,1.0,4.0,1.8267598685112678,2.8179064,2.4203259051845305,1.6880561,1.6377840909090908
2024,140,5,LAC,CB,DB,DB,Notre Dame,Cam Hart,0.7443064182194616,1.0,6.0,2.1842403924312643,2.1090734,1.6759088856493016,1.6744018,1.6377840909090908
2024,141,5,BUF,OL,OL,OL,Georgia,Sedrick Van Pran-Granger,0.8415300546448088,1.0,4.0,3.250796683123811,1.0182915,1.679949598360207,1.2385172,1.6377840909090908
2024,142,5,IND,WR,WR,WR,Oregon St.,Anthony Gould,0.7062914585940061,1.0,0.0,2.4120857685184247,4.3754735,2.183265409270591,2.8341353,1.6377840909090908
2024,143,5,ATL,LB,LB,LB,Notre Dame,JD Bertrand,0.7992700729927008,1.0,3.0,1.8532258669985497,2.107499,2.2454919502670614,1.5697435,1.6377840909090908
2024,144,5,CHI,DL,DL,DL,Kansas,Austin Booker,0.5272435897435898,1.0,5.0,1.1337836395396514,3.8788695,2.4774556330468993,1.8429734,1.6377840909090908
2024,145,5,DEN,DB,DB,DB,Missouri,Kris Abrams-Draine,0.7606272415400716,1.0,2.0,1.9198911164035632,3.042845,2.427755217494099,1.9396088,1.546875
2024,146,5,TEN,DB,DB,DB,Louisville,Jarvis Brownlee,0.8577054794520548,1.0,7.0,2.9320470874654143,2.569155,1.8420891663773444,2.4455616,1.546875
2024,147,5,DEN,RB,RB,RB,Notre Dame,Audric Estime,0.654323567700926,1.0,4.0,1.3823186451476885,3.8351905,2.829277521196404,1.5439758,1.546875
2024,148,5,LVR,LB,LB,LB,Ohio St.,Tommy Eichenberg,0.827007299270073,1.0,2.0,2.317689653299587,2.7300086,2.295057840134708,1.8780018,1.546875
2024,149,5,CIN,CB,DB,DB,TCU,Josh Newton,0.8486542443064182,1.0,3.0,1.54929188983716,2.1946363,2.208564033463887,1.430921,1.546875
2024,150,5,NOR,QB,QB,QB,South Carolina,Spencer Rattler,0.7901922450309549,1.0,6.0,1.6654964074654306,1.2131929,0.7484855236544057,0.87236613,1.546875
2024,151,5,IND,DB,DB,DB,Missouri,Jaylon Carlies,0.8079205530281851,1.0,3.0,2.2688944240793107,2.2324777,1.9045253675037288,1.6547661,1.546875
2024,152,5,PHI,WR,WR,WR,Texas A&M,Ainias Smith,0.7854106415325579,1.0,0.0,1.5165414895863187,2.3450127,2.0078696668541447,1.8558781,1.546875
2024,153,5,JAX,CB,DB,DB,Mississippi,Deantre Prince,0.805175983436853,1.0,0.0,3.115150602348947,2.598875,2.240156875812569,1.4419364,1.546875
2024,154,5,LAR,DE,DL,DL,Washington St.,Brennan Jackson,0.9038811400849,1.0,1.0,1.7137787175986168,2.4191525,1.879353690778292,1.6334498,1.546875
2024,155,5,PHI,LB,LB,LB,Clemson,Jeremiah Trotter Jr.,0.8594890510948906,1.0,4.0,1.7149726202799085,3.7725143,2.5896337749865848,1.8807268,1.546875
2024,156,5,CLE,WR,WR,WR,Louisville,Jamari Thrash,0.7032912034788009,1.0,1.0,2.1434503146112895,2.81288,2.0291005773046353,2.1264417,1.546875
2024,157,5,CAR,DB,DB,DB,Washington St.,Chau Smith-Wade,0.7823630136986301,1.0,5.0,2.2917459468720742,2.9469137,2.233138972286089,1.5669577,1.546875
2024,158,5,MIA,DL,DL,DL,Colorado St.,Mohamed Kamara,0.9150641025641026,1.0,0.0,1.948996186420209,2.183553,1.8779296654631057,1.3498192,1.546875
2024,159,5,KAN,OL,OL,OL,Penn St.,Hunter Nourzad,0.5,0.0,2.0,0.7680856376178927,0.99138534,1.6145852539931214,1.3993989,1.546875
2024,160,5,BUF,LB,LB,LB,Washington,Edefuan Ulofoshio,0.8381386861313869,1.0,1.0,1.6427264888928141,1.7495195,1.705071726865506,1.5236784,1.546875
2024,161,5,WAS,CB,DB,DB,Washington,Dominique Hampton,0.7168650793650793,1.0,0.0,1.417607636118309,1.8895645,2.157924966438065,1.5214227,1.34375
2024,162,5,ARI,OL,OL,OL,Texas,Christian Jones,0.8542805100182149,1.0,1.0,4.0134762478902895,1.2060958,1.3303818089840203,1.737616,1.34375
2024,163,5,GNB,OL,OL,OL,Duke,Jacob Monk,0.8378870673952642,1.0,2.0,2.7824158914396926,1.0466523,1.547953773271921,1.4547789,1.34375
2024,164,5,IND,SAF,DB,DB,Auburn,Jaylin Simpson,0.804539758718281,1.0,0.0,2.4540477901357707,1.5284748,1.5556013924459249,1.7151339,1.34375
2024,165,5,BAL,RB,RB,RB,Marshall,Rasheen Ali,0.7677397069971303,1.0,1.0,2.295541221677537,2.3842313,1.9211253674192708,1.6137407,1.34375
2024,166,5,NYG,RB,RB,RB,Purdue,Tyrone Tracy Jr.,0.7308523451835653,1.0,14.0,2.243726787063278,2.1895554,1.9347731009276166,2.1591399,1.34375
2024,167,5,JAX,RB,RB,RB,Texas,Keilan Robinson,0.6841653313555289,1.0,0.0,2.987672180698522,2.2697988,1.898769197761212,1.6948605,1.34375
2024,168,5,BUF,DE,DL,DL,Troy,Javon Solomon,0.89417828987265,1.0,4.0,1.8377752315373002,1.8062627,1.7254499343032537,1.4396111,1.34375
2024,169,5,GNB,DB,DB,DB,Oregon St.,Kitan Oladapo,0.7700906987377825,1.0,2.0,2.3003898600264954,2.4960518,1.7490849210731274,1.4939969,1.34375
2024,170,5,NOR,WR,WR,WR,Pittsburgh,Bub Means,0.6399238739423992,1.0,0.0,1.439191265204671,2.09047,1.3185764778258477,1.7087514,1.34375
2024,171,5,NYJ,QB,QB,QB,Florida St.,Jordan Travis,0.709738514173998,1.0,0.0,1.5709781751637135,0.70007426,0.7922608282824352,1.2484864,1.34375
2024,172,5,PHI,OL,OL,OL,Michigan,Trevor Keegan,0.8378870673952642,1.0,0.0,2.620782569370977,0.6827045,1.2826846573134647,1.238043,1.34375
2024,173,5,NYJ,RB,RB,RB,South Dakota St.,Isaiah Davis,0.6008613003415916,1.0,5.0,1.4847845616336621,2.7111232,1.9165431541679894,1.6219996,1.34375
2024,174,5,DAL,DB,DB,DB,Wake Forest,Caelen Carson,0.7796232876712329,1.0,2.0,1.8259070130366972,2.2147965,2.2340208047726766,1.4199553,1.34375
2024,175,5,NOR,LB,LB,LB,Texas,Jaylan Ford,0.8600364963503649,1.0,2.0,2.0353634782824015,2.0794258,1.935356071966841,1.5169431,1.34375
2024,176,5,NYJ,CB,DB,DB,nan,Qwan'tez Stiggers,0.5,0.0,3.0,0.4605603263652067,2.0996428,1.7563311387365235,1.4910413,1.34375
2024,177,6,MIN,OL,OL,OL,Oklahoma,Walter Rouse,0.8743169398907105,1.0,0.0,2.5125002988577902,0.90738267,1.3256026975763417,1.2819511,1.078125
2024,178,6,PIT,DL,DL,DL,Iowa,Logan Lee,0.7548076923076923,1.0,0.0,1.688302748262858,1.7941322,1.2055143507903523,1.292488,1.078125
2024,179,6,SEA,OL,OL,OL,Utah,Sataoa Laumea,0.5,0.0,0.0,0.8119953487787227,0.9789343,1.1106396188232375,1.1742805,1.078125
2024,180,6,NWE,DB,DB,DB,South Carolina,Marcellas Dial,0.7583904109589042,1.0,0.0,1.8737739977850623,1.4894279,1.3627999614755117,1.0146767,1.078125
2024,181,6,LAC,RB,RB,RB,Troy,Kimani Vidal,0.7256300741335594,1.0,7.0,2.1095924962599892,2.059222,1.3539524752911225,1.2165807,1.078125
2024,182,6,TEN,WR,WR,WR,Tulane,Jha'Quan Jackson,0.7902627528116499,1.0,0.0,3.0001332894040966,1.5528271,1.0470452822964864,1.2350905,1.078125
2024,183,6,NYG,LB,LB,LB,UCLA,Darius Muasau,0.9399635036496349,1.0,8.0,1.4273590648331194,1.5790758,1.270003350643679,0.8473521,1.078125
2024,184,6,MIA,WR,WR,WR,Virginia,Malik Washington,0.6915752714005142,1.0,7.0,1.3186249971524298,0.7845732,1.090180860578984,1.0942214,1.078125
2024,185,6,PHI,WR,WR,WR,Florida St.,Johnny Wilson,0.592736733612266,1.0,0.0,1.1527913817486757,0.924218,0.8384462210133827,0.71871215,1.078125
2024,186,6,ATL,RB,RB,RB,Alabama,Jase McClellan,0.6758278511159864,1.0,0.0,1.9864153538855578,2.0854132,1.32399508704551,1.3687696,1.078125
2024,187,6,ATL,WR,WR,WR,Illinois,Casey Washington,0.5799373789360546,1.0,1.0,1.4072459535886426,1.2014205,0.9195203471104244,0.7955951,1.078125
2024,188,6,HOU,LB,LB,LB,Oregon,Jamal Hill,0.7565693430656935,1.0,2.0,1.8471104827169118,1.6462282,1.3359953490464054,1.1582196,1.078125
2024,189,6,DET,DT,DL,DL,LSU,Mekhi Wingo,0.8373397435897436,1.0,1.0,2.200970043979335,2.437106,1.5974941242144998,1.2279353,1.078125
2024,190,6,PHI,OL,OL,OL,North Carolina St.,Dylan McMahon,0.5,0.0,0.0,0.8202916251288294,0.6172282,0.9535060348104422,0.876722,1.078125
2024,191,6,ARI,WR,WR,WR,Ala-Birmingham,Tejhaun Palmer,0.6059344185181876,1.0,0.0,1.8470634039294136,0.87243974,0.7159122510711906,1.0260681,1.078125
2024,192,6,SEA,CB,DB,DB,Auburn,D.J. James,0.8078674948240164,1.0,0.0,1.6858118442943961,1.6358114,1.2142628981713892,0.9439153,1.078125
2024,193,6,NWE,QB,QB,QB,Tennessee,Joe Milton,0.5635141739980449,1.0,2.0,0.7812610512557914,0.55047786,0.412558728843739,0.97638404,0.8764204545454546
2024,194,6,CIN,TE,TE,TE,Arizona,Tanner McLachlan,0.7457093821510297,1.0,0.0,1.1334965993489485,0.6861551,0.43759007302290337,0.67326343,0.8764204545454546
2024,195,6,PIT,SAF,DB,DB,Texas,Ryan Watts,0.8219106162360816,1.0,0.0,1.8343236788792512,1.7837923,1.4653262334885855,0.9907424,0.8764204545454546
2024,196,6,LAR,DT,DL,DL,Clemson,Tyler Davis,0.8521634615384615,1.0,3.0,2.007558139987461,1.6912091,1.5370728229811303,1.0126766,0.8764204545454546
2024,197,6,ATL,DL,DL,DL,Georgia,Zion Logue,0.5721153846153846,1.0,0.0,1.7098240886543756,1.6219592,1.2490716804584068,1.1791557,0.8764204545454546
2024,198,6,MIA,DB,DB,DB,California,Patrick McMorris,0.8448630136986301,1.0,0.0,1.5933078204830309,1.8487029,1.5074246474266773,0.9848526,0.8764204545454546
2024,199,6,NOR,DL,DL,DL,Northern Iowa,Khristian Boyd,0.44711538461538464,1.0,0.0,0.8999052755098174,1.4432213,1.0008329729705403,1.2655156,0.8764204545454546
2024,200,6,CAR,DT,DL,DL,Mississippi St.,Jaden Crumedy,0.8193108974358975,1.0,0.0,2.9739269733688474,1.3471574,1.0294888626133276,0.96528506,0.8764204545454546
2024,201,6,IND,CB,DB,DB,Marshall,Micah Abraham,0.8540372670807453,1.0,0.0,2.0165665796962458,1.1940182,1.1819423176297723,1.2705818,0.8764204545454546
2024,202,6,GNB,OT,OL,OL,Georgia St.,Travis Glover,0.7617798930472967,1.0,0.0,1.8587359205633205,1.3802534,0.8060974024673548,0.91179824,0.8764204545454546
2024,203,6,MIN,K,ST,K,Alabama,Will Reichard,0.8480000000000002,1.0,8.0,2.3089664220420767,2.4721534,1.889432682863337,1.5465221,0.8764204545454546
2024,204,6,BUF,OL,OL,OL,Central Florida,Tylan Grable,0.8797814207650273,1.0,2.0,2.9705573068517026,0.54251194,0.7469678188845418,0.89533454,0.8764204545454546
2024,205,6,HOU,RB,RB,RB,Louisville,Jawhar Jordan,0.7404318527325111,1.0,0.0,1.6314673070497128,1.3058652,0.9880792675012071,1.1814508,0.8764204545454546
2024,206,6,CLE,LB,LB,LB,Mississippi St.,Nathaniel Watson,0.8748175182481752,1.0,0.0,2.325605530858752,1.2864635,0.9763200598916282,1.1314387,0.8764204545454546
2024,207,6,SEA,OT,OL,OL,Findlay,Michael Jerrell,0.5,0.0,2.0,0.5497655857016625,1.5564708,0.7757199747531452,0.9079887,0.8764204545454546
2024,208,6,LVR,RB,RB,RB,New Hampshire,Dylan Laube,0.7892804734011037,1.0,0.0,1.6833713559280912,1.3495042,0.9822322446103203,1.6217461,0.8764204545454546
2024,209,6,LAR,K,ST,K,Stanford,Joshua Karty,0.6586666666666667,1.0,2.0,2.0102715065999943,2.5729802,2.080628261323979,0.7896556,0.8931623931623932
2024,210,6,DET,OL,OL,OL,Boston Col.,Christian Mahogany,0.8378870673952642,1.0,6.0,2.701745441246617,0.5516779,0.9069911138206727,0.9625556,0.8931623931623932
2024,211,6,KAN,DB,DB,DB,Tennessee,Kamal Hadden,0.7898972602739727,1.0,0.0,1.6990061256190665,1.3366815,1.0285725707826598,0.9905092,0.8931623931623932
2024,212,6,JAX,K,ST,K,Arkansas,Cam Little,0.6426666666666667,1.0,9.0,2.5769392368688195,3.2672122,2.1160075770142206,1.431281,0.8931623931623932
2024,213,6,LAR,WR,WR,WR,Texas,Jordan Whittington,0.6379118485575399,1.0,5.0,1.744199752820857,0.8047626,0.9208584330498076,1.1432184,0.8931623931623932
2024,214,6,CIN,DE,DL,DL,Mississippi,Cedric Johnson,0.8237113402061855,1.0,2.0,1.658107507792004,1.6305621,1.4592693593851964,1.0455726,0.8931623931623932
2024,215,6,SFO,OL,OL,OL,USC,Jarrett Kingston,0.7668488160291439,1.0,0.0,2.427073136046921,0.51388896,0.7799864305119402,0.9380774,0.8931623931623932
2024,216,6,DAL,WR,WR,WR,SE Missouri St.,Ryan Flournoy,0.6481303389209061,1.0,5.0,1.3674374239865466,0.8907572,0.8571519503138065,0.771008,0.8931623931623932
2024,217,6,LAR,OL,OL,OL,Arkansas,Beaux Limmer,0.5,0.0,7.0,0.7822075398497305,0.7122505,0.976604971405233,1.1952763,0.8931623931623932
2024,218,6,BAL,QB,QB,QB,Kentucky,Devin Leary,0.6103739002932552,1.0,0.0,1.6724944345432298,0.6747282,0.5296175139139211,0.55911875,0.8931623931623932
2024,219,6,BUF,CB,DB,DB,Penn St.,Daequan Hardy,0.8078633306429918,1.0,0.0,1.5984644014513243,1.3162068,1.0180614650814532,1.0190022,0.8931623931623932
2024,220,6,TAM,G,OL,OL,Texas-El Paso,Elijah Klein,0.859375,1.0,2.0,2.1599963936428734,1.2979162,0.7191791279857302,0.90477294,0.8931623931623932
2024,221,7,BUF,OT,OL,OL,nan,Travis Clayton,0.5,0.0,0.0,0.3380466550480621,1.411659,0.8341443617586626,0.78361136,0.8931623931623932
2024,222,7,WAS,DL,DL,DL,Notre Dame,Javontae Jean-Baptiste,0.7435897435897435,1.0,1.0,1.1654359472206233,0.8559231,0.6882313804768249,0.51618093,0.8931623931623932
2024,223,7,LVR,FS,DB,FS,Air Force,Trey Taylor,0.8372454225275086,1.0,0.0,1.3468534339241542,1.5023774,1.139406662516534,1.4344276,0.8931623931623932
2024,224,7,CIN,SAF,DB,DB,Mississippi,Daijahn Anthony,0.8124056614092271,1.0,1.0,1.6284381385756832,1.4291886,0.9651488540580737,1.2249099,0.8931623931623932
2024,225,7,LAC,WR,WR,WR,USC,Brenden Rice,0.7403278356521891,1.0,0.0,1.8304127501069176,1.2453804,1.0138208126927981,0.7815974,0.78125
2024,226,7,ARI,DB,DB,DB,Miami (FL),Jaden Davis,0.7702054794520549,1.0,0.0,2.1675577415131304,1.4752588,1.147856696830387,1.5100216,0.78125
2024,227,7,CLE,DB,DB,DB,South Dakota,Myles Harden,0.751027397260274,1.0,3.0,1.8159197045786262,2.040467,1.3936529386998535,1.246438,0.78125
2024,228,7,BAL,C,OL,OL,Michigan St.,Nick Samac,0.5,0.0,0.0,0.4499775234933774,1.7968798,0.9045883506154346,1.3462849,0.78125
2024,229,7,LVR,DB,DB,DB,Pittsburgh,M.J. Devonshire,0.8351842451497741,1.0,0.0,1.345433888134079,1.3228627,1.1161748009144408,1.335613,0.78125
2024,230,7,MIN,OL,OL,OL,Wake Forest,Michael Jurgens,0.9326047358834244,1.0,2.0,2.0027030477927683,0.5772219,0.618777213310873,0.86729944,0.78125
2024,231,7,NWE,TE,TE,TE,Florida St.,Jaheim Bell,0.8522497975193879,1.0,0.0,0.9780795393824131,0.51971656,0.3961020781990943,0.6456204,0.78125
2024,232,7,MIN,DT,DL,DL,Texas A&M-Commerce,Levi Drake Rodriguez,0.6169871794871795,1.0,3.0,1.5333610467635832,0.9387538,0.6259004194483853,0.5400654,0.78125
2024,233,7,DAL,OL,OL,OL,Louisiana,Nathan Thomas,0.5,0.0,0.0,0.6019369797020345,0.61779445,0.7732184777661729,1.0480347,0.78125
2024,234,7,IND,DL,DL,DL,Oklahoma,Jonah Laulu,0.766025641025641,1.0,10.0,2.0793881136771892,0.7823594,0.7172753784022615,0.6928289,0.78125
2024,235,7,DEN,WR,WR,WR,Utah,Devaughn Vele,0.6217318558216697,1.0,6.0,1.2989055902530102,0.82541335,0.6220076776368889,0.5543608,0.78125
2024,236,7,JAX,OLB,LB,LB,Texas Tech,Myles Cole,0.7376923076923078,1.0,0.0,2.46387668196336,1.3232667,0.8262981798717833,0.9374787,0.78125
2024,237,7,CIN,C,OL,OL,Miami (FL),Matt Lee,0.5,0.0,2.0,0.3935269324647033,1.2638334,0.6908429901112106,0.74589926,0.78125
2024,238,7,HOU,DE,DL,DL,USC,Solomon Byrd,0.8323226197695572,1.0,0.0,1.3676547787860147,0.99074155,0.6863690844241143,1.3157617,0.78125
2024,239,7,NOR,OT,OL,OL,Eastern Kentucky,Josiah Ezirim,0.7633277185920854,1.0,0.0,1.3922812585294688,1.3424693,0.8192194731835002,1.0477757,0.78125
2024,240,7,CAR,LB,LB,LB,Michigan,Michael Barrett,0.8528619528619529,1.0,0.0,2.1000145797806664,1.2898872,0.9551674631462067,1.0886291,0.78125
2024,241,7,MIA,WR,WR,WR,USC,Tahj Washington,0.7438934832697699,1.0,0.0,1.3617397208610273,0.72582155,0.7090926097182181,0.48152378,0.7635135135135135
2024,242,7,TEN,SAF,DB,DB,Miami (FL),James Williams,0.826931069936342,1.0,3.0,2.7599160582297135,1.6901373,1.4657997659946644,1.5523058,0.7635135135135135
2024,243,7,CLE,DE,DL,DL,Cincinnati,Jowon Briggs,0.7516676773802304,1.0,5.0,1.9805351035281722,0.8245406,0.6740194764401248,0.5074734,0.7635135135135135
2024,244,7,DAL,DL,DL,DL,Auburn,Justin Rogers,0.5176282051282052,1.0,0.0,0.8145453951167316,0.8097693,0.7365529547988955,0.44274896,0.7635135135135135
2024,245,7,GNB,QB,QB,QB,Tulane,Michael Pratt,0.7336405529953917,1.0,0.0,1.5769060684517762,0.4391102,0.45046782495566323,0.63678205,0.7635135135135135
2024,246,7,TAM,TE,TE,TE,Washington,Devin Culp,0.6848627940128296,1.0,1.0,0.8924556471254624,0.3085806,0.2018936995747017,0.50575966,0.7635135135135135
2024,247,7,HOU,DL,DL,DL,Auburn,Marcus Harris,0.8060897435897435,1.0,0.0,1.576374008943251,0.8760694,0.6664289409181663,0.6299261,0.7635135135135135
2024,248,7,KAN,G,OL,OL,Holy Cross,C.J. Hanson,0.5,0.0,0.0,0.4551779717599614,1.4559743,0.6909022813448962,0.80220217,0.7635135135135135
2024,249,7,HOU,OL,OL,OL,Michigan,LaDarius Henderson,0.5,0.0,0.0,0.6479301861312275,0.86995906,1.1844563033911082,1.0317951,0.7635135135135135
2024,250,7,BAL,SAF,DB,DB,Purdue,Sanoussi Kane,0.8284076739658301,1.0,1.0,2.555892288496721,1.5888757,1.2413135972657583,1.1739452,0.7635135135135135
2024,251,7,SFO,LB,LB,LB,Florida St.,Tatum Bethune,0.8656934306569342,1.0,5.0,1.7659835510865216,1.3371652,1.082659720789708,0.93157434,0.7635135135135135
2024,252,7,TEN,DE,DL,DL,Michigan,Jaylen Harrell,0.7383262583383869,1.0,3.0,2.586331537008898,1.2044793,0.7574154633961389,0.89178705,0.7635135135135135
2024,253,7,LAC,WR,WR,WR,Michigan,Cornelius Johnson,0.666256182043111,1.0,0.0,2.143472553929725,0.9047789,0.6701037420123704,0.74720407,0.7635135135135135
2024,254,7,LAR,OL,OL,OL,Kansas St.,KT Leveston,0.8378870673952642,1.0,0.0,3.400670423589022,0.52382684,0.7079061763611834,1.0386009,0.7635135135135135
2024,255,7,GNB,CB,DB,DB,Penn St.,Kalen King,0.737888198757764,1.0,0.0,1.6105049550970119,2.1489472,1.377028126031378,0.96219945,0.7635135135135135
2024,256,7,DEN,OL,OL,OL,South Carolina,Nick Gargiulo,0.5,0.0,0.0,1.0191759092170847,0.7308761,0.7083603377473109,1.1422023,0.7635135135135135
2024,257,7,NYJ,SAF,DB,DB,Alabama,Jaylen Key,0.8366219674928357,1.0,0.0,2.35484223948301,1.2167767,0.894243025429869,0.89593357,0.1645021645021645
